surface_display_label,wheel_field,gap_count,simple_odd_semiprime_count,simple_odd_semiprime_share,position_2_count,position_4_count,position_6_count,next_simple_transition_count,next_simple_plus2_count,next_simple_plus2_share,independent_uniform_plus2_share,independent_marginal_plus2_share,immediate_simple_transition_count,immediate_simple_plus2_count,immediate_simple_plus2_share,immediate_independent_marginal_plus2_share,intervening_complex_transition_count,intervening_complex_plus2_count,intervening_complex_plus2_share,intervening_independent_marginal_plus2_share,intervening_complex_gap_count,break_count,breaks_with_intervening_complex,breaks_with_intervening_complex_share,run_count,max_run_length,longest_perfect_plus2_run,longest_local_plus2_run,run_transition_count,run_plus2_transition_count,run_plus2_transition_share
<=10^6,open_offset,78497,45268,0.5766844592786986,17435,16028,11805,45267,15437,0.3410210528641173,0.3333333333333333,0.32914137950161626,25940,8774,0.3382420971472629,0.3273368246751741,19327,6663,0.34475086666321725,0.3310998078030224,33223,29830,12664,0.42453905464297687,19328,20,7,7,25940,8774,0.3382420971472629
10^7,open_offset,256,157,0.61328125,60,52,45,156,59,0.3782051282051282,0.3333333333333333,0.33103221564760027,92,34,0.3695652173913043,0.3323487712665406,64,25,0.390625,0.3466796875,98,97,39,0.4020618556701031,65,8,3,3,92,34,0.3695652173913043
10^8,open_offset,256,152,0.59375,59,52,41,151,45,0.2980132450331126,0.3333333333333333,0.33007324240164904,86,25,0.29069767441860467,0.32760951865873444,65,20,0.3076923076923077,0.3334911242603551,103,106,45,0.42452830188679247,66,7,3,3,86,25,0.29069767441860467
10^9,open_offset,256,167,0.65234375,65,56,46,166,62,0.37349397590361444,0.3333333333333333,0.329728552765278,105,42,0.4,0.3325170068027211,61,20,0.32786885245901637,0.3265251276538565,88,104,41,0.3942307692307692,62,10,4,4,105,42,0.4
10^10,open_offset,256,172,0.671875,73,61,38,171,57,0.3333333333333333,0.3333333333333333,0.3230395677302418,105,36,0.34285714285714286,0.3349659863945578,66,21,0.3181818181818182,0.3073921028466483,84,114,45,0.39473684210526316,67,11,3,3,105,36,0.34285714285714286
10^11,open_offset,256,175,0.68359375,72,64,39,174,59,0.3390804597701149,0.3333333333333333,0.32372175980975026,124,46,0.3709677419354839,0.32576742976066597,50,13,0.26,0.30200000000000005,79,115,37,0.3217391304347826,51,19,3,3,124,46,0.3709677419354839
10^12,open_offset,256,166,0.6484375,69,53,44,165,55,0.3333333333333333,0.3333333333333333,0.3273829201101929,108,35,0.32407407407407407,0.32578875171467764,57,20,0.3508771929824561,0.33179439827639273,87,110,37,0.33636363636363636,58,11,1,6,108,35,0.32407407407407407
10^13,open_offset,256,167,0.65234375,66,62,39,166,57,0.3433734939759036,0.3333333333333333,0.32599070982726086,107,36,0.3364485981308411,0.31959123067516815,59,21,0.3559322033898305,0.3372594082160299,89,109,38,0.3486238532110092,60,11,3,3,107,36,0.3364485981308411
10^14,open_offset,256,171,0.66796875,65,70,36,170,58,0.3411764705882353,0.3333333333333333,0.3221453287197231,115,34,0.2956521739130435,0.31773156899810967,55,24,0.43636363636363634,0.3355371900826446,84,112,31,0.2767857142857143,56,10,2,4,115,34,0.2956521739130435
10^15,open_offset,256,174,0.6796875,56,77,41,173,68,0.3930635838150289,0.3333333333333333,0.32306458618731,119,44,0.3697478991596639,0.3336628769154721,54,24,0.4444444444444444,0.2781207133058985,81,105,30,0.2857142857142857,55,18,3,5,119,44,0.3697478991596639
10^16,open_offset,256,175,0.68359375,69,69,37,174,62,0.3563218390804598,0.3333333333333333,0.32137666798784514,123,44,0.35772357723577236,0.31918831383435786,51,18,0.35294117647058826,0.3264129181084198,80,112,33,0.29464285714285715,52,12,4,4,123,44,0.35772357723577236
10^17,open_offset,256,176,0.6875,72,61,43,175,68,0.38857142857142857,0.3333333333333333,0.3258122448979592,119,48,0.40336134453781514,0.32264670574112,56,20,0.35714285714285715,0.33673469387755106,78,107,36,0.3364485981308411,57,10,5,5,119,48,0.40336134453781514
10^18,open_offset,256,188,0.734375,63,73,52,187,59,0.3155080213903743,0.3333333333333333,0.3301495610397781,138,46,0.3333333333333333,0.3306553245116572,49,13,0.2653061224489796,0.3286130778842149,67,128,36,0.28125,50,16,4,4,138,46,0.3333333333333333
pooled_within_surfaces,open_offset,81569,47308,0.5799752356900293,18224,16778,12306,47295,16146,0.3413891531874405,0.3333333333333333,0.32907437075681234,27281,9244,0.33884388402184673,0.327352782947141,20014,6902,0.3448585989807135,0.331016901639423,34241,31149,13112,0.4209444926000835,20027,20,7,7,27281,9244,0.33884388402184673
<=10^6,winner_offset_mod6,78497,45268,0.5766844592786986,23024,14095,8149,45267,13668,0.30194181191596525,0.3333333333333333,0.3059755232041143,25940,7626,0.29398612181958367,0.3041937476258896,19327,6042,0.3126196512650696,0.3083981546376598,33223,31599,13285,0.42042469698408175,19328,20,6,6,25940,7626,0.29398612181958367
10^7,winner_offset_mod6,256,157,0.61328125,73,50,34,156,59,0.3782051282051282,0.3333333333333333,0.3183760683760684,92,33,0.358695652173913,0.29560491493383745,64,26,0.40625,0.341796875,98,97,38,0.3917525773195876,65,8,3,3,92,33,0.358695652173913
10^8,winner_offset_mod6,256,152,0.59375,68,40,44,151,54,0.3576158940397351,0.3333333333333333,0.3238454453752028,86,30,0.3488372093023256,0.3343699296917253,65,24,0.36923076923076925,0.31502958579881657,103,97,41,0.422680412371134,66,7,2,4,86,30,0.3488372093023256
10^9,winner_offset_mod6,256,167,0.65234375,72,52,43,166,51,0.3072289156626506,0.3333333333333333,0.3249020177093918,105,34,0.3238095238095238,0.3333333333333333,61,17,0.2786885245901639,0.3028755710830422,88,115,44,0.3826086956521739,62,10,4,5,105,34,0.3238095238095238
10^10,winner_offset_mod6,256,172,0.671875,77,45,50,171,54,0.3157894736842105,0.3333333333333333,0.3238603330939434,105,36,0.34285714285714286,0.3197278911564626,66,18,0.2727272727272727,0.3266758494031221,84,117,48,0.41025641025641024,67,11,4,5,105,36,0.34285714285714286
10^11,winner_offset_mod6,256,175,0.68359375,62,51,62,174,51,0.29310344827586204,0.3333333333333333,0.33174791914387636,124,33,0.2661290322580645,0.3321409989594173,50,18,0.36,0.33240000000000003,79,123,32,0.2601626016260163,51,19,3,4,124,33,0.2661290322580645
10^12,winner_offset_mod6,256,166,0.6484375,68,45,53,165,52,0.3151515151515151,0.3333333333333333,0.3279706152433425,108,33,0.3055555555555556,0.32253086419753085,57,19,0.3333333333333333,0.33579562942443825,87,113,38,0.336283185840708,58,11,2,5,108,33,0.3055555555555556
10^13,winner_offset_mod6,256,167,0.65234375,57,54,56,166,53,0.3192771084337349,0.3333333333333333,0.33317607780519665,107,31,0.2897196261682243,0.3332168748362302,59,22,0.3728813559322034,0.33007756391841425,89,113,37,0.3274336283185841,60,11,3,3,107,31,0.2897196261682243
10^14,winner_offset_mod6,256,171,0.66796875,58,54,59,170,43,0.2529411764705882,0.3333333333333333,0.33328719723183386,115,27,0.23478260869565218,0.33277882797731567,55,16,0.2909090909090909,0.3368595041322314,84,127,39,0.30708661417322836,56,10,2,3,115,27,0.23478260869565218
10^15,winner_offset_mod6,256,174,0.6796875,55,62,57,173,51,0.2947976878612717,0.3333333333333333,0.333054896588593,119,33,0.2773109243697479,0.3342984252524539,54,18,0.3333333333333333,0.3340192043895748,81,122,36,0.29508196721311475,55,18,4,4,119,33,0.2773109243697479
10^16,winner_offset_mod6,256,175,0.68359375,68,63,44,174,52,0.2988505747126437,0.3333333333333333,0.32821376667987845,123,44,0.35772357723577236,0.32897085068411663,51,8,0.1568627450980392,0.32487504805843903,80,122,43,0.3524590163934426,52,12,3,5,123,44,0.35772357723577236
10^17,winner_offset_mod6,256,176,0.6875,68,60,48,175,57,0.32571428571428573,0.3333333333333333,0.33008979591836735,119,43,0.36134453781512604,0.32575383094414234,56,14,0.25,0.34024234693877553,78,118,42,0.3559322033898305,57,10,4,4,119,43,0.36134453781512604
10^18,winner_offset_mod6,256,188,0.734375,52,63,73,187,58,0.31016042780748665,0.3333333333333333,0.3307786896965884,138,48,0.34782608695652173,0.3318630539802563,49,10,0.20408163265306123,0.3236151603498542,67,129,39,0.3023255813953488,50,16,4,4,138,48,0.34782608695652173
pooled_within_surfaces,winner_offset_mod6,81569,47308,0.5799752356900293,23802,14734,8772,47295,14303,0.30242097473305846,0.3333333333333333,0.30771999421812346,27281,8051,0.29511381547597226,0.30618622557283987,20014,6252,0.31238133306685323,0.3098444709169256,34241,32992,13762,0.41713142580019397,20027,20,6,6,27281,8051,0.29511381547597226
