surface_display_label,wheel_field,current_position,next_position,count
<=10^6,open_offset,2,2,6462
<=10^6,open_offset,2,4,6192
<=10^6,open_offset,2,6,4781
<=10^6,open_offset,4,2,6210
<=10^6,open_offset,4,4,5336
<=10^6,open_offset,4,6,4482
<=10^6,open_offset,6,2,4763
<=10^6,open_offset,6,4,4499
<=10^6,open_offset,6,6,2542
10^7,open_offset,2,2,20
10^7,open_offset,2,4,21
10^7,open_offset,2,6,19
10^7,open_offset,4,2,21
10^7,open_offset,4,4,11
10^7,open_offset,4,6,20
10^7,open_offset,6,2,18
10^7,open_offset,6,4,20
10^7,open_offset,6,6,6
10^8,open_offset,2,2,21
10^8,open_offset,2,4,19
10^8,open_offset,2,6,18
10^8,open_offset,4,2,22
10^8,open_offset,4,4,19
10^8,open_offset,4,6,11
10^8,open_offset,6,2,15
10^8,open_offset,6,4,14
10^8,open_offset,6,6,12
10^9,open_offset,2,2,20
10^9,open_offset,2,4,23
10^9,open_offset,2,6,21
10^9,open_offset,4,2,22
10^9,open_offset,4,4,18
10^9,open_offset,4,6,16
10^9,open_offset,6,2,23
10^9,open_offset,6,4,14
10^9,open_offset,6,6,9
10^10,open_offset,2,2,31
10^10,open_offset,2,4,23
10^10,open_offset,2,6,18
10^10,open_offset,4,2,23
10^10,open_offset,4,4,22
10^10,open_offset,4,6,16
10^10,open_offset,6,2,18
10^10,open_offset,6,4,16
10^10,open_offset,6,6,4
10^11,open_offset,2,2,31
10^11,open_offset,2,4,25
10^11,open_offset,2,6,16
10^11,open_offset,4,2,24
10^11,open_offset,4,4,22
10^11,open_offset,4,6,17
10^11,open_offset,6,2,17
10^11,open_offset,6,4,16
10^11,open_offset,6,6,6
10^12,open_offset,2,2,26
10^12,open_offset,2,4,23
10^12,open_offset,2,6,20
10^12,open_offset,4,2,24
10^12,open_offset,4,4,15
10^12,open_offset,4,6,14
10^12,open_offset,6,2,18
10^12,open_offset,6,4,15
10^12,open_offset,6,6,10
10^13,open_offset,2,2,22
10^13,open_offset,2,4,25
10^13,open_offset,2,6,18
10^13,open_offset,4,2,25
10^13,open_offset,4,4,23
10^13,open_offset,4,6,14
10^13,open_offset,6,2,18
10^13,open_offset,6,4,14
10^13,open_offset,6,6,7
10^14,open_offset,2,2,23
10^14,open_offset,2,4,28
10^14,open_offset,2,6,14
10^14,open_offset,4,2,27
10^14,open_offset,4,4,27
10^14,open_offset,4,6,16
10^14,open_offset,6,2,14
10^14,open_offset,6,4,15
10^14,open_offset,6,6,6
10^15,open_offset,2,2,15
10^15,open_offset,2,4,32
10^15,open_offset,2,6,9
10^15,open_offset,4,2,26
10^15,open_offset,4,4,29
10^15,open_offset,4,6,22
10^15,open_offset,6,2,14
10^15,open_offset,6,4,16
10^15,open_offset,6,6,10
10^16,open_offset,2,2,30
10^16,open_offset,2,4,25
10^16,open_offset,2,6,13
10^16,open_offset,4,2,23
10^16,open_offset,4,4,25
10^16,open_offset,4,6,21
10^16,open_offset,6,2,16
10^16,open_offset,6,4,18
10^16,open_offset,6,6,3
10^17,open_offset,2,2,30
10^17,open_offset,2,4,29
10^17,open_offset,2,6,13
10^17,open_offset,4,2,23
10^17,open_offset,4,4,18
10^17,open_offset,4,6,20
10^17,open_offset,6,2,19
10^17,open_offset,6,4,14
10^17,open_offset,6,6,9
10^18,open_offset,2,2,17
10^18,open_offset,2,4,28
10^18,open_offset,2,6,18
10^18,open_offset,4,2,33
10^18,open_offset,4,4,22
10^18,open_offset,4,6,18
10^18,open_offset,6,2,13
10^18,open_offset,6,4,22
10^18,open_offset,6,6,16
pooled_within_surfaces,open_offset,2,2,6748
pooled_within_surfaces,open_offset,2,4,6493
pooled_within_surfaces,open_offset,2,6,4978
pooled_within_surfaces,open_offset,4,2,6503
pooled_within_surfaces,open_offset,4,4,5587
pooled_within_surfaces,open_offset,4,6,4687
pooled_within_surfaces,open_offset,6,2,4966
pooled_within_surfaces,open_offset,6,4,4693
pooled_within_surfaces,open_offset,6,6,2640
<=10^6,winner_offset_mod6,2,2,11832
<=10^6,winner_offset_mod6,2,4,7051
<=10^6,winner_offset_mod6,2,6,4141
<=10^6,winner_offset_mod6,4,2,7058
<=10^6,winner_offset_mod6,4,4,4553
<=10^6,winner_offset_mod6,4,6,2484
<=10^6,winner_offset_mod6,6,2,4133
<=10^6,winner_offset_mod6,6,4,2491
<=10^6,winner_offset_mod6,6,6,1524
10^7,winner_offset_mod6,2,2,29
10^7,winner_offset_mod6,2,4,29
10^7,winner_offset_mod6,2,6,14
10^7,winner_offset_mod6,4,2,26
10^7,winner_offset_mod6,4,4,11
10^7,winner_offset_mod6,4,6,13
10^7,winner_offset_mod6,6,2,17
10^7,winner_offset_mod6,6,4,10
10^7,winner_offset_mod6,6,6,7
10^8,winner_offset_mod6,2,2,28
10^8,winner_offset_mod6,2,4,19
10^8,winner_offset_mod6,2,6,21
10^8,winner_offset_mod6,4,2,17
10^8,winner_offset_mod6,4,4,9
10^8,winner_offset_mod6,4,6,13
10^8,winner_offset_mod6,6,2,22
10^8,winner_offset_mod6,6,4,12
10^8,winner_offset_mod6,6,6,10
10^9,winner_offset_mod6,2,2,31
10^9,winner_offset_mod6,2,4,22
10^9,winner_offset_mod6,2,6,18
10^9,winner_offset_mod6,4,2,24
10^9,winner_offset_mod6,4,4,16
10^9,winner_offset_mod6,4,6,12
10^9,winner_offset_mod6,6,2,17
10^9,winner_offset_mod6,6,4,13
10^9,winner_offset_mod6,6,6,13
10^10,winner_offset_mod6,2,2,36
10^10,winner_offset_mod6,2,4,18
10^10,winner_offset_mod6,2,6,22
10^10,winner_offset_mod6,4,2,18
10^10,winner_offset_mod6,4,4,13
10^10,winner_offset_mod6,4,6,14
10^10,winner_offset_mod6,6,2,22
10^10,winner_offset_mod6,6,4,14
10^10,winner_offset_mod6,6,6,14
10^11,winner_offset_mod6,2,2,21
10^11,winner_offset_mod6,2,4,18
10^11,winner_offset_mod6,2,6,23
10^11,winner_offset_mod6,4,2,21
10^11,winner_offset_mod6,4,4,17
10^11,winner_offset_mod6,4,6,13
10^11,winner_offset_mod6,6,2,20
10^11,winner_offset_mod6,6,4,15
10^11,winner_offset_mod6,6,6,26
10^12,winner_offset_mod6,2,2,28
10^12,winner_offset_mod6,2,4,18
10^12,winner_offset_mod6,2,6,22
10^12,winner_offset_mod6,4,2,20
10^12,winner_offset_mod6,4,4,10
10^12,winner_offset_mod6,4,6,15
10^12,winner_offset_mod6,6,2,19
10^12,winner_offset_mod6,6,4,17
10^12,winner_offset_mod6,6,6,16
10^13,winner_offset_mod6,2,2,25
10^13,winner_offset_mod6,2,4,16
10^13,winner_offset_mod6,2,6,16
10^13,winner_offset_mod6,4,2,16
10^13,winner_offset_mod6,4,4,16
10^13,winner_offset_mod6,4,6,21
10^13,winner_offset_mod6,6,2,16
10^13,winner_offset_mod6,6,4,21
10^13,winner_offset_mod6,6,6,19
10^14,winner_offset_mod6,2,2,22
10^14,winner_offset_mod6,2,4,12
10^14,winner_offset_mod6,2,6,23
10^14,winner_offset_mod6,4,2,19
10^14,winner_offset_mod6,4,4,21
10^14,winner_offset_mod6,4,6,14
10^14,winner_offset_mod6,6,2,17
10^14,winner_offset_mod6,6,4,21
10^14,winner_offset_mod6,6,6,21
10^15,winner_offset_mod6,2,2,20
10^15,winner_offset_mod6,2,4,16
10^15,winner_offset_mod6,2,6,19
10^15,winner_offset_mod6,4,2,18
10^15,winner_offset_mod6,4,4,25
10^15,winner_offset_mod6,4,6,19
10^15,winner_offset_mod6,6,2,16
10^15,winner_offset_mod6,6,4,21
10^15,winner_offset_mod6,6,6,19
10^16,winner_offset_mod6,2,2,29
10^16,winner_offset_mod6,2,4,23
10^16,winner_offset_mod6,2,6,16
10^16,winner_offset_mod6,4,2,23
10^16,winner_offset_mod6,4,4,26
10^16,winner_offset_mod6,4,6,14
10^16,winner_offset_mod6,6,2,15
10^16,winner_offset_mod6,6,4,14
10^16,winner_offset_mod6,6,6,14
10^17,winner_offset_mod6,2,2,25
10^17,winner_offset_mod6,2,4,25
10^17,winner_offset_mod6,2,6,18
10^17,winner_offset_mod6,4,2,26
10^17,winner_offset_mod6,4,4,18
10^17,winner_offset_mod6,4,6,16
10^17,winner_offset_mod6,6,2,16
10^17,winner_offset_mod6,6,4,17
10^17,winner_offset_mod6,6,6,14
10^18,winner_offset_mod6,2,2,15
10^18,winner_offset_mod6,2,4,18
10^18,winner_offset_mod6,2,6,19
10^18,winner_offset_mod6,4,2,21
10^18,winner_offset_mod6,4,4,18
10^18,winner_offset_mod6,4,6,24
10^18,winner_offset_mod6,6,2,16
10^18,winner_offset_mod6,6,4,26
10^18,winner_offset_mod6,6,6,30
pooled_within_surfaces,winner_offset_mod6,2,2,12141
pooled_within_surfaces,winner_offset_mod6,2,4,7285
pooled_within_surfaces,winner_offset_mod6,2,6,4372
pooled_within_surfaces,winner_offset_mod6,4,2,7307
pooled_within_surfaces,winner_offset_mod6,4,4,4753
pooled_within_surfaces,winner_offset_mod6,4,6,2672
pooled_within_surfaces,winner_offset_mod6,6,2,4346
pooled_within_surfaces,winner_offset_mod6,6,4,2692
pooled_within_surfaces,winner_offset_mod6,6,6,1727
