gap_divisor_count,count,share,min_gap,max_gap,mean_gap
6,2,2.4597220514081907e-05,2,2,2
8,558,0.006862624523428853,2,2,2
12,514,0.0063214856721190505,2,2,2
13,1,1.2298610257040954e-05,4,4,4
14,2,2.4597220514081907e-05,2,4,3
16,1311,0.01612347804698069,2,4,2.0030511060259344
18,156,0.0019185832000983888,2,4,2.3846153846153846
19,1,1.2298610257040954e-05,4,4,4
20,154,0.001893985979584307,2,4,2.5194805194805197
21,2,2.4597220514081907e-05,4,4,4
22,90,0.001106874923133686,4,4,4
24,1446,0.01778379043168122,2,4,2.2254495159059475
25,3,3.6895830771122866e-05,4,6,4.666666666666667
26,136,0.0016726109949575698,4,4,4
27,2,2.4597220514081907e-05,4,6,5
28,374,0.004599680236133317,2,6,3.7967914438502675
29,2,2.4597220514081907e-05,6,6,6
30,282,0.003468208092485549,2,6,3.6382978723404253
31,1,1.2298610257040954e-05,4,4,4
32,1672,0.020563276349772477,2,6,2.59688995215311
33,3,3.6895830771122866e-05,4,4,4
34,216,0.0026564998155208463,4,6,4.101851851851852
35,1,1.2298610257040954e-05,4,4,4
36,1010,0.012421596359611363,2,6,3.3405940594059405
37,2,2.4597220514081907e-05,4,4,4
38,267,0.0032837289386299347,2,6,4.2322097378277155
39,1,1.2298610257040954e-05,6,6,6
40,896,0.011019554790308694,2,6,3.6205357142857144
41,2,2.4597220514081907e-05,4,4,4
42,218,0.002681097036034928,2,6,4.339449541284404
43,3,3.6895830771122866e-05,4,6,4.666666666666667
44,889,0.010933464518509408,2,6,4.31496062992126
45,2,2.4597220514081907e-05,4,4,4
46,299,0.0036772844668552453,4,8,4.7558528428093645
47,4,4.9194441028163815e-05,4,6,5.5
48,1801,0.022149797072930758,2,6,3.2326485285952247
50,371,0.004562784405362194,2,6,5.196765498652291
51,4,4.9194441028163815e-05,4,6,5.5
52,914,0.011240929774935432,2,6,4.820568927789934
53,1,1.2298610257040954e-05,6,6,6
54,372,0.004575083015619235,2,6,5.091397849462366
55,2,2.4597220514081907e-05,4,6,5
56,1084,0.013331693518632394,2,10,4.928044280442805
57,2,2.4597220514081907e-05,4,6,5
58,359,0.0044152010822777026,4,10,5.66016713091922
59,3,3.6895830771122866e-05,4,10,6.666666666666667
60,1087,0.013368589349403517,2,8,4.925482980680773
61,1,1.2298610257040954e-05,8,8,8
62,407,0.005005534374615668,4,10,5.72972972972973
63,1,1.2298610257040954e-05,6,6,6
64,1459,0.017943672365022752,2,10,4.498971898560658
65,2,2.4597220514081907e-05,8,10,9
66,413,0.005079326036157914,2,10,5.878934624697337
67,3,3.6895830771122866e-05,4,6,4.666666666666667
68,1035,0.012729061616037388,4,10,5.611594202898551
69,3,3.6895830771122866e-05,4,6,4.666666666666667
70,427,0.005251506579756487,2,12,5.948477751756441
71,4,4.9194441028163815e-05,6,6,6
72,1269,0.01560693641618497,2,10,4.87785657998424
73,4,4.9194441028163815e-05,4,10,6.5
74,367,0.00451358996433403,4,10,6.217983651226158
75,4,4.9194441028163815e-05,6,10,7
76,956,0.011757471405731152,4,10,5.887029288702929
77,8,9.838888205632763e-05,4,10,6
78,335,0.004120034436108719,2,10,6.340298507462687
79,6,7.379166154224573e-05,4,10,6
80,980,0.012052638051900134,2,12,5.512244897959183
81,4,4.9194441028163815e-05,4,14,7.5
82,383,0.004710367728446686,4,12,6.7206266318537855
83,2,2.4597220514081907e-05,4,6,5
84,915,0.011253228385192474,2,12,6.104918032786885
85,6,7.379166154224573e-05,4,8,6
86,392,0.004821055220760054,4,12,7.066326530612245
87,4,4.9194441028163815e-05,4,10,6.5
88,811,0.009974172918460214,2,12,6.431565967940814
89,3,3.6895830771122866e-05,6,8,6.666666666666667
90,381,0.004685770507932604,2,12,6.986876640419948
91,9,0.00011068749231336859,6,10,7.777777777777778
92,751,0.009236256303037756,4,12,6.774966711051931
93,7,8.609027179928667e-05,6,10,7.428571428571429
94,389,0.004784159389988931,4,12,7.825192802056555
95,8,9.838888205632763e-05,6,12,7.75
96,1025,0.012606075513466979,2,14,5.8497560975609755
97,2,2.4597220514081907e-05,10,10,10
98,401,0.004931742713073423,4,12,7.975062344139651
99,4,4.9194441028163815e-05,6,14,10.5
100,723,0.00889189521584061,2,12,7.394190871369295
101,6,7.379166154224573e-05,6,10,7.333333333333333
102,381,0.004685770507932604,4,12,8.20997375328084
103,4,4.9194441028163815e-05,6,12,9.5
104,763,0.009383839626122248,2,12,7.703800786369594
105,4,4.9194441028163815e-05,8,10,9
106,478,0.005878735702865576,4,14,8.577405857740585
107,9,0.00011068749231336859,6,12,8.222222222222221
108,732,0.009002582708153978,2,12,7.6775956284153
109,10,0.00012298610257040955,4,14,8.6
110,410,0.005042430205386791,4,12,8.91219512195122
111,2,2.4597220514081907e-05,8,12,10
112,751,0.009236256303037756,2,12,8.234354194407457
113,6,7.379166154224573e-05,6,14,10.666666666666666
114,449,0.005522076005411388,6,12,9.211581291759465
115,5,6.149305128520478e-05,6,14,9.2
116,688,0.008461443856844176,4,14,8.584302325581396
117,2,2.4597220514081907e-05,8,10,9
118,458,0.005632763497724757,4,12,9.427947598253276
119,5,6.149305128520478e-05,6,10,9.2
120,753,0.009260853523551838,2,14,8.185922974767596
121,8,9.838888205632763e-05,6,12,9
122,410,0.005042430205386791,6,12,9.55609756097561
123,3,3.6895830771122866e-05,8,10,9.333333333333334
124,627,0.007711228631164678,4,14,9.007974481658692
125,4,4.9194441028163815e-05,6,12,9.5
126,437,0.005374492682326897,2,16,9.807780320366133
127,7,8.609027179928667e-05,6,12,9.142857142857142
128,728,0.008953388267125814,2,16,8.975274725274724
129,7,8.609027179928667e-05,6,16,10.571428571428571
130,399,0.0049071454925593404,6,16,9.869674185463658
131,6,7.379166154224573e-05,8,16,12
132,615,0.007563645308080187,2,18,9.486178861788618
133,11,0.0001352847128274505,6,16,10.545454545454545
134,419,0.00515311769770016,4,16,10.238663484486873
135,7,8.609027179928667e-05,6,12,9.142857142857142
136,595,0.007317673102939368,4,16,9.949579831932773
137,4,4.9194441028163815e-05,10,18,13
138,428,0.005263805190013528,6,18,10.485981308411215
139,6,7.379166154224573e-05,8,10,9
140,573,0.007047103677284467,2,16,10.041884816753926
141,3,3.6895830771122866e-05,10,14,12.666666666666666
142,384,0.004722666338703727,6,18,10.890625
143,5,6.149305128520478e-05,10,12,10.8
144,581,0.007145492559340795,2,18,9.55249569707401
145,4,4.9194441028163815e-05,8,16,13
146,384,0.004722666338703727,6,18,11.010416666666666
147,8,9.838888205632763e-05,6,16,10.25
148,540,0.006641249538802115,6,16,10.492592592592592
149,7,8.609027179928667e-05,6,16,11.428571428571429
150,389,0.004784159389988931,2,16,11.136246786632391
151,5,6.149305128520478e-05,8,14,11.2
152,503,0.0061862009592916,4,18,10.831013916500995
153,7,8.609027179928667e-05,8,14,11.142857142857142
154,381,0.004685770507932604,6,18,11.454068241469816
155,6,7.379166154224573e-05,10,14,12
156,512,0.006296888451604968,4,18,10.875
157,3,3.6895830771122866e-05,8,10,9.333333333333334
158,365,0.004488992743819948,6,18,11.632876712328768
159,5,6.149305128520478e-05,10,20,12.8
160,503,0.0061862009592916,2,18,11.009940357852882
161,6,7.379166154224573e-05,8,16,11.333333333333334
162,357,0.00439060386176362,6,18,12.07282913165266
163,7,8.609027179928667e-05,10,16,14
164,442,0.005435985733612102,4,18,11.542986425339366
165,10,0.00012298610257040955,10,18,12.2
166,365,0.004488992743819948,6,18,12.394520547945206
167,2,2.4597220514081907e-05,12,12,12
168,500,0.006149305128520477,2,18,11.78
169,3,3.6895830771122866e-05,10,16,14
170,346,0.00425531914893617,6,22,12.589595375722544
171,5,6.149305128520478e-05,8,18,13.6
172,470,0.005780346820809248,6,18,12.187234042553191
173,6,7.379166154224573e-05,10,16,12.333333333333334
174,354,0.004353708030992498,6,18,13.033898305084746
175,6,7.379166154224573e-05,6,16,11.333333333333334
176,426,0.005239207969499447,6,18,12.469483568075118
177,4,4.9194441028163815e-05,10,14,12
178,322,0.003960152502767187,8,18,13.124223602484472
179,6,7.379166154224573e-05,12,16,14
180,414,0.005091624646414955,2,18,12.826086956521738
181,6,7.379166154224573e-05,8,18,12.666666666666666
182,360,0.004427499692534744,6,22,13.427777777777777
183,2,2.4597220514081907e-05,10,12,11
184,420,0.0051654163079572005,4,18,12.876190476190477
185,8,9.838888205632763e-05,12,18,13.75
186,336,0.00413233304636576,6,22,13.773809523809524
187,5,6.149305128520478e-05,12,18,14.4
188,399,0.0049071454925593404,6,20,13.49874686716792
189,7,8.609027179928667e-05,12,16,14
190,304,0.0037387775181404502,8,18,13.967105263157896
191,8,9.838888205632763e-05,12,18,14.25
192,406,0.004993235764358627,2,20,13.403940886699507
193,1,1.2298610257040954e-05,22,22,22
194,308,0.003787971959168614,6,20,14.363636363636363
195,4,4.9194441028163815e-05,10,16,14
196,399,0.0049071454925593404,6,22,13.93483709273183
197,3,3.6895830771122866e-05,12,14,12.666666666666666
198,292,0.0035911941950559586,8,20,14.253424657534246
199,5,6.149305128520478e-05,12,16,14.4
200,356,0.00437830525150658,6,18,14.02247191011236
201,3,3.6895830771122866e-05,14,18,16
202,288,0.0035419997540277947,8,24,14.444444444444445
203,3,3.6895830771122866e-05,8,18,12.666666666666666
204,372,0.004575083015619235,6,22,14.543010752688172
205,7,8.609027179928667e-05,10,24,16.285714285714285
206,285,0.003505103923256672,8,20,15.143859649122806
207,2,2.4597220514081907e-05,16,16,16
208,366,0.004501291354076989,4,22,14.229508196721312
209,7,8.609027179928667e-05,12,20,14.857142857142858
210,254,0.0031238470052884024,4,22,15.346456692913385
211,4,4.9194441028163815e-05,14,18,15
212,368,0.004525888574591071,6,22,14.956521739130435
214,288,0.0035419997540277947,8,22,15.319444444444445
215,5,6.149305128520478e-05,12,24,17.6
216,314,0.0038617636207108597,2,22,14.980891719745223
217,6,7.379166154224573e-05,12,18,14.666666666666666
218,268,0.003296027548886976,8,24,15.694029850746269
219,5,6.149305128520478e-05,12,18,16
220,305,0.003751076128397491,4,24,15.2
221,5,6.149305128520478e-05,10,20,14.4
222,244,0.003000860902717993,8,22,15.680327868852459
223,4,4.9194441028163815e-05,14,20,17.5
224,285,0.003505103923256672,8,22,15.719298245614034
225,7,8.609027179928667e-05,12,20,16
226,255,0.0031361456155454435,4,26,15.984313725490196
227,4,4.9194441028163815e-05,14,22,16
228,285,0.003505103923256672,6,22,15.782456140350877
229,6,7.379166154224573e-05,14,24,19
230,258,0.0031730414463165663,8,28,16.441860465116278
231,1,1.2298610257040954e-05,18,18,18
232,283,0.00348050670274259,4,22,16.042402826855124
233,9,0.00011068749231336859,14,20,17.11111111111111
234,269,0.003308326159144017,8,22,16.565055762081784
235,4,4.9194441028163815e-05,12,16,13.5
236,260,0.003197638666830648,6,24,16.476923076923075
237,5,6.149305128520478e-05,14,22,17.6
238,227,0.002791784528348297,10,24,16.94273127753304
240,238,0.002927069241175747,2,24,16.058823529411764
241,3,3.6895830771122866e-05,14,26,19.333333333333332
242,220,0.00270569425654901,6,22,17.336363636363636
243,2,2.4597220514081907e-05,18,18,18
244,273,0.0033575206001721807,8,28,16.967032967032967
245,5,6.149305128520478e-05,14,18,16.4
246,234,0.0028778748001475835,12,24,17.70940170940171
247,4,4.9194441028163815e-05,12,18,14
248,275,0.0033821178206862625,8,24,17.330909090909092
249,3,3.6895830771122866e-05,18,24,21.333333333333332
250,203,0.0024966178821793136,8,24,17.99014778325123
251,6,7.379166154224573e-05,14,20,16.666666666666668
252,256,0.003148444225802484,6,24,17.4765625
253,2,2.4597220514081907e-05,14,18,16
254,205,0.0025212151026933957,10,24,18.01951219512195
255,5,6.149305128520478e-05,14,22,18
256,256,0.003148444225802484,2,28,17.796875
257,6,7.379166154224573e-05,14,20,17.666666666666668
258,238,0.002927069241175747,12,28,18.42016806722689
259,4,4.9194441028163815e-05,16,22,19.5
260,202,0.002484319271922273,6,28,18.297029702970296
261,5,6.149305128520478e-05,12,20,17.2
262,225,0.0027671873078342147,8,26,18.435555555555556
263,4,4.9194441028163815e-05,12,18,15.5
264,255,0.0031361456155454435,6,26,18.345098039215685
265,5,6.149305128520478e-05,14,22,17.6
266,207,0.0025458123232074774,12,24,18.946859903381643
267,3,3.6895830771122866e-05,18,24,21.333333333333332
268,215,0.002644201205263805,6,24,18.66046511627907
269,7,8.609027179928667e-05,14,24,18.857142857142858
270,199,0.00244742344115115,12,26,18.964824120603016
271,5,6.149305128520478e-05,16,22,18.4
272,266,0.003271430328372894,4,28,18.7593984962406
273,1,1.2298610257040954e-05,18,18,18
274,201,0.002472020661665232,6,28,19.154228855721392
275,3,3.6895830771122866e-05,18,20,19.333333333333332
276,218,0.002681097036034928,10,28,19.229357798165136
277,2,2.4597220514081907e-05,12,22,17
278,185,0.0022752428975525768,12,28,19.643243243243244
279,2,2.4597220514081907e-05,20,22,21
280,209,0.0025704095437215596,4,24,19.119617224880383
281,5,6.149305128520478e-05,16,30,20
282,180,0.002213749846267372,8,34,20.033333333333335
283,2,2.4597220514081907e-05,22,22,22
284,203,0.0024966178821793136,10,30,20.059113300492612
285,3,3.6895830771122866e-05,20,22,21.333333333333332
286,206,0.002533513712950437,8,28,20.02912621359223
287,4,4.9194441028163815e-05,18,28,23
288,208,0.0025581109334645185,2,30,19.91346153846154
289,2,2.4597220514081907e-05,12,18,15
290,175,0.002152256794982167,12,30,20.617142857142856
291,8,9.838888205632763e-05,18,26,21.5
292,211,0.0025950067642356413,8,30,20.23696682464455
293,3,3.6895830771122866e-05,18,22,20.666666666666668
294,177,0.002176854015496249,12,30,20.870056497175142
295,3,3.6895830771122866e-05,16,22,19.333333333333332
296,196,0.002410527610380027,4,28,20.387755102040817
297,5,6.149305128520478e-05,12,24,18
298,187,0.0022998401180666585,10,28,21.262032085561497
299,4,4.9194441028163815e-05,18,24,21
300,168,0.00206616652318288,8,26,20.488095238095237
301,2,2.4597220514081907e-05,18,24,21
302,179,0.0022014512360103307,12,30,21.150837988826815
303,7,8.609027179928667e-05,18,28,21.714285714285715
304,187,0.0022998401180666585,6,32,20.97326203208556
305,3,3.6895830771122866e-05,18,30,22.666666666666668
306,162,0.0019923748616406346,14,30,21.444444444444443
307,1,1.2298610257040954e-05,20,20,20
308,181,0.002226048456524413,8,28,21.03867403314917
309,3,3.6895830771122866e-05,20,26,23.333333333333332
310,163,0.0020046734718976757,12,30,21.754601226993866
311,2,2.4597220514081907e-05,18,20,19
312,175,0.002152256794982167,12,30,21.302857142857142
313,6,7.379166154224573e-05,18,24,20.666666666666668
314,159,0.001955479030869512,12,28,22.150943396226417
315,9,0.00011068749231336859,14,24,20
316,179,0.0022014512360103307,6,30,21.910614525139664
317,3,3.6895830771122866e-05,20,28,24
318,167,0.0020538679129258395,8,30,22.29940119760479
319,6,7.379166154224573e-05,20,26,24
320,183,0.0022506456770384946,4,30,22.098360655737704
321,3,3.6895830771122866e-05,18,22,20.666666666666668
322,145,0.0017832984872709384,16,28,22.675862068965518
323,2,2.4597220514081907e-05,20,22,21
324,176,0.002164555405239208,8,30,21.90909090909091
325,2,2.4597220514081907e-05,18,22,20
326,173,0.002127659574468085,12,30,22.947976878612717
327,5,6.149305128520478e-05,18,26,22.8
328,145,0.0017832984872709384,4,30,22.44137931034483
329,6,7.379166154224573e-05,18,28,23.333333333333332
330,150,0.0018447915385561432,10,30,22.893333333333334
331,4,4.9194441028163815e-05,20,22,21
332,153,0.001881687369327266,12,30,22.73202614379085
333,4,4.9194441028163815e-05,24,28,26
334,147,0.0018078957077850204,12,30,23.591836734693878
335,4,4.9194441028163815e-05,18,28,23.5
336,169,0.0020784651334399213,8,30,22.76923076923077
337,2,2.4597220514081907e-05,22,24,23
338,128,0.001574222112901242,12,30,23.375
339,5,6.149305128520478e-05,14,30,22
340,156,0.0019185832000983888,10,30,23.397435897435898
341,5,6.149305128520478e-05,20,30,25.6
342,117,0.0014389374000737917,16,34,24.085470085470085
343,5,6.149305128520478e-05,20,28,23.6
344,159,0.001955479030869512,6,30,23.459119496855347
345,2,2.4597220514081907e-05,20,24,22
346,141,0.0017341040462427746,12,30,24.19858156028369
347,4,4.9194441028163815e-05,20,26,23.5
348,119,0.0014635346205878735,8,34,24.11764705882353
349,5,6.149305128520478e-05,22,30,25.6
350,138,0.0016972082154716518,10,32,24.44927536231884
351,2,2.4597220514081907e-05,18,34,26
352,128,0.001574222112901242,8,32,24.25
353,4,4.9194441028163815e-05,18,24,21
354,129,0.0015865207231582832,12,30,24.74418604651163
355,4,4.9194441028163815e-05,18,24,21
356,140,0.0017218054359857337,8,30,24.47142857142857
357,4,4.9194441028163815e-05,24,30,27.5
358,123,0.0015127290616160373,12,30,24.48780487804878
359,1,1.2298610257040954e-05,32,32,32
360,131,0.001611117943672365,6,32,25.053435114503817
361,6,7.379166154224573e-05,18,24,21.333333333333332
362,116,0.0014266387898167507,18,36,25.310344827586206
363,6,7.379166154224573e-05,20,26,23.333333333333332
364,120,0.0014758332308449145,8,34,25.4
365,3,3.6895830771122866e-05,18,24,22
366,127,0.0015619235026442012,10,34,25.73228346456693
367,2,2.4597220514081907e-05,20,24,22
368,129,0.0015865207231582832,6,36,24.976744186046513
369,2,2.4597220514081907e-05,24,24,24
370,111,0.001365145738531546,8,34,25.38738738738739
371,6,7.379166154224573e-05,24,28,25
372,126,0.0015496248923871604,10,30,25.444444444444443
373,1,1.2298610257040954e-05,18,18,18
374,107,0.001315951297503382,18,34,26.373831775700936
375,3,3.6895830771122866e-05,22,28,25.333333333333332
376,129,0.0015865207231582832,4,30,25.05426356589147
377,2,2.4597220514081907e-05,22,26,24
378,125,0.0015373262821301193,10,32,26.608
379,3,3.6895830771122866e-05,20,36,26.666666666666668
380,95,0.0011683679744188906,6,36,25.36842105263158
381,4,4.9194441028163815e-05,24,30,26.5
382,96,0.0011806665846759317,18,36,26.5625
384,94,0.0011560693641618498,2,34,26.19148936170213
385,6,7.379166154224573e-05,26,34,28.666666666666668
386,105,0.0012913540769893001,12,32,26.742857142857144
387,3,3.6895830771122866e-05,20,26,23.333333333333332
388,132,0.001623416553929406,10,36,26.87878787878788
389,4,4.9194441028163815e-05,24,28,25
390,99,0.0012175624154470545,16,32,26.848484848484848
391,1,1.2298610257040954e-05,30,30,30
392,88,0.001082277702619604,12,34,26.977272727272727
393,2,2.4597220514081907e-05,26,26,26
394,102,0.0012544582462181773,18,36,27.607843137254903
395,3,3.6895830771122866e-05,20,32,25.333333333333332
396,98,0.0012052638051900134,10,36,27.408163265306122
397,3,3.6895830771122866e-05,24,30,28
398,88,0.001082277702619604,20,36,28
400,102,0.0012544582462181773,10,36,27.80392156862745
401,3,3.6895830771122866e-05,22,28,25.333333333333332
402,77,0.0009469929897921535,20,36,28.285714285714285
403,3,3.6895830771122866e-05,26,30,28.666666666666668
404,81,0.0009961874308203173,12,34,27.703703703703702
406,87,0.0010699790923625631,20,34,28.04597701149425
407,4,4.9194441028163815e-05,24,30,27.5
408,93,0.0011437707539048087,8,36,27.376344086021504
409,2,2.4597220514081907e-05,28,30,29
410,91,0.0011191735333907268,16,36,28.417582417582416
411,1,1.2298610257040954e-05,24,24,24
412,93,0.0011437707539048087,8,36,27.741935483870968
413,2,2.4597220514081907e-05,30,30,30
414,91,0.0011191735333907268,16,36,28.9010989010989
416,75,0.0009223957692780716,12,40,28.186666666666667
417,1,1.2298610257040954e-05,26,26,26
418,70,0.0008609027179928669,18,36,28.942857142857143
419,5,6.149305128520478e-05,26,36,29.2
420,75,0.0009223957692780716,10,36,28.746666666666666
421,3,3.6895830771122866e-05,24,28,26.666666666666668
422,69,0.0008486041077358259,24,36,29.217391304347824
423,4,4.9194441028163815e-05,24,32,27
424,77,0.0009469929897921535,6,36,28.337662337662337
425,1,1.2298610257040954e-05,30,30,30
426,71,0.0008732013282499077,18,40,29.830985915492956
427,4,4.9194441028163815e-05,20,28,26
428,70,0.0008609027179928669,8,36,28.514285714285716
429,5,6.149305128520478e-05,24,30,27.6
430,72,0.0008854999385069487,24,36,29.805555555555557
431,3,3.6895830771122866e-05,26,30,28
432,71,0.0008732013282499077,6,36,29.12676056338028
433,2,2.4597220514081907e-05,30,30,30
434,67,0.000824006887221744,14,38,29.64179104477612
435,2,2.4597220514081907e-05,30,34,32
436,75,0.0009223957692780716,16,36,29.546666666666667
438,74,0.0009100971590210306,10,42,30.64864864864865
439,2,2.4597220514081907e-05,26,26,26
440,83,0.0010207846513343992,6,36,29.59036144578313
441,2,2.4597220514081907e-05,28,28,28
442,77,0.0009469929897921535,18,40,30.25974025974026
444,77,0.0009469929897921535,12,36,30.493506493506494
445,1,1.2298610257040954e-05,30,30,30
446,52,0.0006395277333661296,16,38,29.807692307692307
447,1,1.2298610257040954e-05,28,28,28
448,64,0.000787111056450621,10,40,29.5625
449,4,4.9194441028163815e-05,28,30,29.5
450,69,0.0008486041077358259,24,38,31.565217391304348
451,2,2.4597220514081907e-05,30,30,30
452,72,0.0008854999385069487,10,42,30.75
454,67,0.000824006887221744,18,36,30.53731343283582
456,69,0.0008486041077358259,6,44,30.28985507246377
457,2,2.4597220514081907e-05,36,38,37
458,56,0.0006887221743942934,12,40,31.464285714285715
459,2,2.4597220514081907e-05,24,36,30
460,58,0.0007133193949083753,12,36,30.551724137931036
461,1,1.2298610257040954e-05,28,28,28
462,61,0.0007502152256794982,12,40,31.40983606557377
463,2,2.4597220514081907e-05,34,34,34
464,62,0.0007625138359365392,18,40,32
465,1,1.2298610257040954e-05,30,30,30
466,47,0.0005780346820809249,24,40,32.170212765957444
467,3,3.6895830771122866e-05,24,38,32
468,64,0.000787111056450621,10,42,31.3125
469,1,1.2298610257040954e-05,40,40,40
470,61,0.0007502152256794982,14,40,32.032786885245905
471,4,4.9194441028163815e-05,30,40,34.5
472,56,0.0006887221743942934,12,42,31.892857142857142
473,1,1.2298610257040954e-05,38,38,38
474,55,0.0006764235641372525,14,42,31.490909090909092
475,1,1.2298610257040954e-05,38,38,38
476,60,0.0007379166154224573,10,42,30.666666666666668
477,3,3.6895830771122866e-05,34,40,38
478,52,0.0006395277333661296,28,42,34.03846153846154
479,1,1.2298610257040954e-05,34,34,34
480,56,0.0006887221743942934,6,38,32.107142857142854
482,55,0.0006764235641372525,12,40,32.981818181818184
483,1,1.2298610257040954e-05,38,38,38
484,56,0.0006887221743942934,6,40,31.392857142857142
486,40,0.0004919444102816382,14,38,33.5
488,56,0.0006887221743942934,12,40,32.857142857142854
489,2,2.4597220514081907e-05,30,40,35
490,51,0.0006272291231090887,20,42,33.411764705882355
491,6,7.379166154224573e-05,32,36,33.333333333333336
492,65,0.000799409666707662,6,42,33.13846153846154
493,1,1.2298610257040954e-05,26,26,26
494,49,0.0006026319025950067,8,40,33.02040816326531
495,1,1.2298610257040954e-05,30,30,30
496,36,0.00044274996925347434,6,40,32.5
497,3,3.6895830771122866e-05,34,40,37.333333333333336
498,46,0.0005657360718238839,14,40,33.52173913043478
500,61,0.0007502152256794982,12,42,33.31147540983606
501,1,1.2298610257040954e-05,30,30,30
502,44,0.000541138851309802,24,42,35.09090909090909
503,1,1.2298610257040954e-05,40,40,40
504,42,0.00051654163079572,12,42,32.95238095238095
505,1,1.2298610257040954e-05,34,34,34
506,44,0.000541138851309802,12,42,33.04545454545455
507,1,1.2298610257040954e-05,34,34,34
508,41,0.0005042430205386791,8,42,34.09756097560975
509,3,3.6895830771122866e-05,32,38,35.333333333333336
510,36,0.00044274996925347434,20,42,35.55555555555556
512,48,0.0005903332923379659,6,42,30.125
513,2,2.4597220514081907e-05,36,36,36
514,40,0.0004919444102816382,14,46,34.05
515,2,2.4597220514081907e-05,38,40,39
516,46,0.0005657360718238839,20,42,34.608695652173914
517,1,1.2298610257040954e-05,34,34,34
518,32,0.0003935555282253105,26,42,36.25
519,6,7.379166154224573e-05,36,44,39
520,39,0.0004796458000245972,4,42,33.94871794871795
521,1,1.2298610257040954e-05,34,34,34
522,39,0.0004796458000245972,16,44,34.61538461538461
523,2,2.4597220514081907e-05,34,36,35
524,54,0.0006641249538802116,10,48,34.22222222222222
525,1,1.2298610257040954e-05,36,36,36
526,44,0.000541138851309802,12,42,35.54545454545455
527,1,1.2298610257040954e-05,36,36,36
528,37,0.0004550485795105153,10,46,31.45945945945946
529,1,1.2298610257040954e-05,40,40,40
530,40,0.0004919444102816382,14,42,35.4
531,2,2.4597220514081907e-05,34,40,37
532,45,0.000553437461566843,14,40,34.266666666666666
534,39,0.0004796458000245972,8,46,37.02564102564103
535,4,4.9194441028163815e-05,34,42,38
536,35,0.0004304513589964334,6,46,34
537,2,2.4597220514081907e-05,40,46,43
538,28,0.0003443610871971467,16,42,35.642857142857146
539,3,3.6895830771122866e-05,30,42,35.333333333333336
540,44,0.000541138851309802,10,46,34.09090909090909
541,1,1.2298610257040954e-05,36,36,36
542,34,0.00041815274873939246,30,44,38.05882352941177
543,1,1.2298610257040954e-05,40,40,40
544,37,0.0004550485795105153,16,46,35.83783783783784
546,35,0.0004304513589964334,18,52,38.34285714285714
547,2,2.4597220514081907e-05,40,40,40
548,42,0.00051654163079572,10,42,34.23809523809524
549,1,1.2298610257040954e-05,34,34,34
550,39,0.0004796458000245972,14,46,36.56410256410256
551,2,2.4597220514081907e-05,34,36,35
552,31,0.0003812569179682696,12,42,35.29032258064516
553,1,1.2298610257040954e-05,38,38,38
554,27,0.0003320624769401058,16,50,36.370370370370374
556,36,0.00044274996925347434,12,42,36.22222222222222
558,27,0.0003320624769401058,34,42,38.370370370370374
559,2,2.4597220514081907e-05,42,46,44
560,29,0.00035665969745418767,12,48,37.51724137931034
561,1,1.2298610257040954e-05,36,36,36
562,32,0.0003935555282253105,20,42,37.8125
563,1,1.2298610257040954e-05,36,36,36
564,36,0.00044274996925347434,12,42,35.111111111111114
566,23,0.00028286803591194196,24,48,39.04347826086956
568,31,0.0003812569179682696,14,44,37.54838709677419
569,1,1.2298610257040954e-05,40,40,40
570,42,0.00051654163079572,20,44,37.61904761904762
572,22,0.000270569425654901,12,46,38.90909090909091
573,1,1.2298610257040954e-05,40,40,40
574,31,0.0003812569179682696,18,46,36.774193548387096
575,2,2.4597220514081907e-05,36,38,37
576,24,0.00029516664616898293,2,48,38.083333333333336
577,2,2.4597220514081907e-05,40,42,41
578,19,0.00023367359488377814,18,48,39.89473684210526
580,28,0.0003443610871971467,12,46,36.785714285714285
581,1,1.2298610257040954e-05,38,38,38
582,26,0.0003197638666830648,28,46,39.46153846153846
583,1,1.2298610257040954e-05,40,40,40
584,19,0.00023367359488377814,8,46,36.10526315789474
585,1,1.2298610257040954e-05,36,36,36
586,21,0.00025827081539786,18,46,38.19047619047619
588,23,0.00028286803591194196,32,44,39.73913043478261
589,1,1.2298610257040954e-05,36,36,36
590,16,0.00019677776411265526,20,52,39.625
591,1,1.2298610257040954e-05,38,38,38
592,21,0.00025827081539786,16,44,37.904761904761905
594,22,0.000270569425654901,22,46,37.36363636363637
595,1,1.2298610257040954e-05,40,40,40
596,18,0.00022137498462673717,8,48,37.77777777777778
597,4,4.9194441028163815e-05,38,46,42.5
598,28,0.0003443610871971467,14,52,40.642857142857146
600,23,0.00028286803591194196,14,50,38
601,1,1.2298610257040954e-05,42,42,42
602,29,0.00035665969745418767,16,48,41.10344827586207
604,28,0.0003443610871971467,14,52,39
606,28,0.0003443610871971467,20,48,40.357142857142854
608,18,0.00022137498462673717,32,48,42.55555555555556
609,2,2.4597220514081907e-05,36,46,41
610,19,0.00023367359488377814,24,44,38.10526315789474
611,1,1.2298610257040954e-05,44,44,44
612,19,0.00023367359488377814,18,48,40.526315789473685
613,2,2.4597220514081907e-05,38,40,39
614,20,0.0002459722051408191,18,46,38
615,1,1.2298610257040954e-05,44,44,44
616,23,0.00028286803591194196,14,48,37.30434782608695
617,1,1.2298610257040954e-05,52,52,52
618,17,0.00020907637436969623,22,46,40.470588235294116
620,17,0.00020907637436969623,6,54,41.1764705882353
621,2,2.4597220514081907e-05,42,42,42
622,23,0.00028286803591194196,6,48,41.21739130434783
624,17,0.00020907637436969623,10,48,37.64705882352941
626,21,0.00025827081539786,30,54,41.904761904761905
627,1,1.2298610257040954e-05,42,42,42
628,28,0.0003443610871971467,30,52,43.42857142857143
630,23,0.00028286803591194196,24,46,40.17391304347826
631,1,1.2298610257040954e-05,42,42,42
632,19,0.00023367359488377814,18,48,40
634,20,0.0002459722051408191,36,50,43.8
636,21,0.00025827081539786,18,58,41.904761904761905
637,1,1.2298610257040954e-05,40,40,40
638,20,0.0002459722051408191,28,48,43.8
640,21,0.00025827081539786,2,48,39.80952380952381
642,25,0.00030746525642602385,6,52,37.92
644,22,0.000270569425654901,26,50,41.72727272727273
646,18,0.00022137498462673717,14,46,39.666666666666664
648,15,0.00018447915385561432,18,54,38.8
650,22,0.000270569425654901,20,48,42.72727272727273
652,18,0.00022137498462673717,14,54,40
653,1,1.2298610257040954e-05,52,52,52
654,17,0.00020907637436969623,22,52,44.705882352941174
655,1,1.2298610257040954e-05,44,44,44
656,16,0.00019677776411265526,14,54,41.75
658,13,0.0001598819333415324,22,58,44.15384615384615
660,21,0.00025827081539786,24,54,44
662,13,0.0001598819333415324,30,50,42.92307692307692
664,13,0.0001598819333415324,14,50,38.15384615384615
665,1,1.2298610257040954e-05,42,42,42
666,14,0.00017218054359857335,20,48,41.285714285714285
667,1,1.2298610257040954e-05,46,46,46
668,15,0.00018447915385561432,12,54,39.333333333333336
670,12,0.00014758332308449147,16,50,39.833333333333336
672,19,0.00023367359488377814,2,50,31.57894736842105
674,15,0.00018447915385561432,20,52,43.6
676,13,0.0001598819333415324,18,54,43.84615384615385
678,12,0.00014758332308449147,20,54,43.5
680,11,0.0001352847128274505,14,48,39.63636363636363
681,1,1.2298610257040954e-05,44,44,44
682,17,0.00020907637436969623,24,54,43.411764705882355
683,1,1.2298610257040954e-05,42,42,42
684,8,9.838888205632763e-05,22,50,40.75
685,1,1.2298610257040954e-05,44,44,44
686,12,0.00014758332308449147,22,50,44.166666666666664
688,17,0.00020907637436969623,14,62,44.94117647058823
690,10,0.00012298610257040955,14,54,42.6
691,1,1.2298610257040954e-05,42,42,42
692,11,0.0001352847128274505,18,52,42.36363636363637
693,1,1.2298610257040954e-05,44,44,44
694,11,0.0001352847128274505,14,58,42.36363636363637
696,12,0.00014758332308449147,18,50,39
697,1,1.2298610257040954e-05,50,50,50
698,6,7.379166154224573e-05,34,54,47
699,2,2.4597220514081907e-05,42,48,45
700,15,0.00018447915385561432,18,60,46.13333333333333
701,1,1.2298610257040954e-05,48,48,48
702,14,0.00017218054359857335,14,50,37.57142857142857
704,14,0.00017218054359857335,6,52,38.57142857142857
706,10,0.00012298610257040955,20,54,46.2
708,16,0.00019677776411265526,18,56,40.25
709,1,1.2298610257040954e-05,50,50,50
710,12,0.00014758332308449147,14,56,40.333333333333336
712,18,0.00022137498462673717,26,54,45.666666666666664
714,11,0.0001352847128274505,14,56,42.54545454545455
715,1,1.2298610257040954e-05,50,50,50
716,12,0.00014758332308449147,24,54,45
718,5,6.149305128520478e-05,24,54,44.8
720,14,0.00017218054359857335,24,52,41.857142857142854
722,11,0.0001352847128274505,28,58,49.45454545454545
724,14,0.00017218054359857335,22,54,43.42857142857143
725,1,1.2298610257040954e-05,54,54,54
726,14,0.00017218054359857335,26,54,42.57142857142857
727,2,2.4597220514081907e-05,44,50,47
728,15,0.00018447915385561432,22,58,48.4
729,1,1.2298610257040954e-05,48,48,48
730,6,7.379166154224573e-05,32,56,48.333333333333336
732,7,8.609027179928667e-05,14,54,40.285714285714285
734,10,0.00012298610257040955,18,56,48
735,1,1.2298610257040954e-05,50,50,50
736,9,0.00011068749231336859,18,54,36.666666666666664
737,2,2.4597220514081907e-05,50,54,52
738,13,0.0001598819333415324,48,56,50.61538461538461
739,1,1.2298610257040954e-05,52,52,52
740,9,0.00011068749231336859,22,58,47.77777777777778
742,11,0.0001352847128274505,24,54,46.54545454545455
744,11,0.0001352847128274505,20,56,44.36363636363637
746,10,0.00012298610257040955,16,58,47
748,8,9.838888205632763e-05,16,52,32.75
750,9,0.00011068749231336859,20,60,44.44444444444444
751,1,1.2298610257040954e-05,48,48,48
752,8,9.838888205632763e-05,14,54,39.25
753,1,1.2298610257040954e-05,48,48,48
754,5,6.149305128520478e-05,36,56,47.6
755,1,1.2298610257040954e-05,50,50,50
756,4,4.9194441028163815e-05,52,54,53
758,8,9.838888205632763e-05,20,60,49
759,1,1.2298610257040954e-05,54,54,54
760,6,7.379166154224573e-05,14,54,32.333333333333336
762,5,6.149305128520478e-05,42,56,50.8
763,1,1.2298610257040954e-05,58,58,58
764,6,7.379166154224573e-05,20,52,39.666666666666664
766,4,4.9194441028163815e-05,28,54,45
768,14,0.00017218054359857335,2,54,34.142857142857146
770,1,1.2298610257040954e-05,64,64,64
771,1,1.2298610257040954e-05,52,52,52
772,7,8.609027179928667e-05,28,60,46.857142857142854
774,15,0.00018447915385561432,30,60,48.53333333333333
775,1,1.2298610257040954e-05,50,50,50
776,10,0.00012298610257040955,20,54,40
777,1,1.2298610257040954e-05,44,44,44
778,8,9.838888205632763e-05,22,60,47.5
779,1,1.2298610257040954e-05,54,54,54
780,6,7.379166154224573e-05,40,56,50
782,10,0.00012298610257040955,32,60,50.6
784,9,0.00011068749231336859,10,60,47.333333333333336
786,11,0.0001352847128274505,20,60,44.18181818181818
788,7,8.609027179928667e-05,18,56,43.42857142857143
790,7,8.609027179928667e-05,24,58,50.285714285714285
792,8,9.838888205632763e-05,18,60,40.75
794,7,8.609027179928667e-05,32,60,52.57142857142857
796,7,8.609027179928667e-05,18,60,46
798,7,8.609027179928667e-05,34,60,51.142857142857146
800,4,4.9194441028163815e-05,50,54,52.5
802,7,8.609027179928667e-05,20,62,50.285714285714285
804,9,0.00011068749231336859,18,60,45.111111111111114
805,1,1.2298610257040954e-05,52,52,52
806,7,8.609027179928667e-05,34,58,50.857142857142854
807,1,1.2298610257040954e-05,50,50,50
808,9,0.00011068749231336859,12,62,45.333333333333336
810,5,6.149305128520478e-05,26,60,50.8
812,7,8.609027179928667e-05,30,60,48.285714285714285
814,4,4.9194441028163815e-05,42,64,53
816,8,9.838888205632763e-05,28,72,54.25
818,5,6.149305128520478e-05,50,60,54.8
820,7,8.609027179928667e-05,14,64,48.857142857142854
822,5,6.149305128520478e-05,34,60,51.6
824,8,9.838888205632763e-05,24,60,52.75
826,4,4.9194441028163815e-05,30,56,45
828,3,3.6895830771122866e-05,36,56,48.666666666666664
830,7,8.609027179928667e-05,22,60,42.285714285714285
832,10,0.00012298610257040955,22,60,42.6
834,6,7.379166154224573e-05,26,60,48.666666666666664
836,5,6.149305128520478e-05,20,58,48.4
838,4,4.9194441028163815e-05,58,60,59.5
839,1,1.2298610257040954e-05,54,54,54
840,6,7.379166154224573e-05,16,60,33
842,2,2.4597220514081907e-05,56,60,58
844,8,9.838888205632763e-05,18,62,44.75
845,1,1.2298610257040954e-05,58,58,58
846,1,1.2298610257040954e-05,62,62,62
848,10,0.00012298610257040955,26,70,51
850,7,8.609027179928667e-05,26,60,50
852,7,8.609027179928667e-05,20,62,44.57142857142857
853,2,2.4597220514081907e-05,52,60,56
854,8,9.838888205632763e-05,14,60,37.75
856,9,0.00011068749231336859,30,66,50.44444444444444
857,1,1.2298610257040954e-05,54,54,54
858,5,6.149305128520478e-05,36,60,54.4
860,7,8.609027179928667e-05,30,62,54.57142857142857
862,7,8.609027179928667e-05,20,66,45.42857142857143
864,5,6.149305128520478e-05,30,58,46
866,6,7.379166154224573e-05,30,58,42
868,7,8.609027179928667e-05,24,60,50.285714285714285
870,3,3.6895830771122866e-05,26,64,49.333333333333336
872,5,6.149305128520478e-05,32,58,42.4
874,1,1.2298610257040954e-05,60,60,60
875,1,1.2298610257040954e-05,54,54,54
876,5,6.149305128520478e-05,22,60,40.4
878,4,4.9194441028163815e-05,28,70,49.5
879,1,1.2298610257040954e-05,54,54,54
880,4,4.9194441028163815e-05,58,66,62
882,3,3.6895830771122866e-05,38,60,50.666666666666664
884,2,2.4597220514081907e-05,46,66,56
886,5,6.149305128520478e-05,30,60,45.6
888,7,8.609027179928667e-05,18,70,52.285714285714285
890,6,7.379166154224573e-05,30,66,47.333333333333336
892,9,0.00011068749231336859,22,66,43.111111111111114
894,12,0.00014758332308449147,18,68,54.166666666666664
895,1,1.2298610257040954e-05,66,66,66
896,10,0.00012298610257040955,20,70,42.8
898,9,0.00011068749231336859,26,70,55.333333333333336
899,1,1.2298610257040954e-05,58,58,58
900,5,6.149305128520478e-05,16,66,40.8
901,1,1.2298610257040954e-05,66,66,66
902,4,4.9194441028163815e-05,22,60,43
904,4,4.9194441028163815e-05,32,62,50
908,8,9.838888205632763e-05,24,66,52.25
910,2,2.4597220514081907e-05,60,66,63
912,7,8.609027179928667e-05,30,66,47.714285714285715
914,6,7.379166154224573e-05,32,70,49.333333333333336
916,5,6.149305128520478e-05,24,66,44
918,2,2.4597220514081907e-05,28,64,46
920,6,7.379166154224573e-05,26,64,43
922,4,4.9194441028163815e-05,60,66,62
924,8,9.838888205632763e-05,26,66,37.75
926,2,2.4597220514081907e-05,40,66,53
928,4,4.9194441028163815e-05,26,66,47
929,1,1.2298610257040954e-05,62,62,62
930,6,7.379166154224573e-05,38,66,55.333333333333336
932,6,7.379166154224573e-05,30,68,42.333333333333336
934,3,3.6895830771122866e-05,46,66,57.333333333333336
936,7,8.609027179928667e-05,18,60,36.57142857142857
938,6,7.379166154224573e-05,32,68,56.333333333333336
940,4,4.9194441028163815e-05,24,68,56
941,1,1.2298610257040954e-05,58,58,58
942,1,1.2298610257040954e-05,66,66,66
944,5,6.149305128520478e-05,18,34,27.2
946,2,2.4597220514081907e-05,26,64,45
948,4,4.9194441028163815e-05,24,66,38
950,4,4.9194441028163815e-05,36,66,49.5
952,7,8.609027179928667e-05,20,66,46.285714285714285
953,1,1.2298610257040954e-05,66,66,66
954,2,2.4597220514081907e-05,60,66,63
956,3,3.6895830771122866e-05,30,66,43.333333333333336
958,1,1.2298610257040954e-05,70,70,70
960,3,3.6895830771122866e-05,22,60,40
962,3,3.6895830771122866e-05,30,70,44.666666666666664
964,2,2.4597220514081907e-05,36,66,51
966,5,6.149305128520478e-05,30,70,53.6
968,3,3.6895830771122866e-05,22,66,50.666666666666664
970,4,4.9194441028163815e-05,62,70,66.5
972,4,4.9194441028163815e-05,24,68,38.5
974,5,6.149305128520478e-05,26,70,54.4
976,3,3.6895830771122866e-05,30,68,44.666666666666664
978,1,1.2298610257040954e-05,40,40,40
980,3,3.6895830771122866e-05,26,64,40
982,4,4.9194441028163815e-05,24,68,51.5
984,4,4.9194441028163815e-05,30,70,50.5
986,5,6.149305128520478e-05,32,64,48
988,4,4.9194441028163815e-05,22,70,43.5
990,1,1.2298610257040954e-05,40,40,40
992,3,3.6895830771122866e-05,22,54,41.333333333333336
994,1,1.2298610257040954e-05,70,70,70
996,2,2.4597220514081907e-05,14,20,17
998,1,1.2298610257040954e-05,46,46,46
1000,5,6.149305128520478e-05,20,72,43.6
1001,1,1.2298610257040954e-05,66,66,66
1002,5,6.149305128520478e-05,24,74,46.4
1004,1,1.2298610257040954e-05,20,20,20
1006,3,3.6895830771122866e-05,28,42,35.333333333333336
1008,2,2.4597220514081907e-05,30,40,35
1010,2,2.4597220514081907e-05,28,78,53
1012,3,3.6895830771122866e-05,18,66,36
1014,5,6.149305128520478e-05,30,72,62
1016,2,2.4597220514081907e-05,46,70,58
1018,7,8.609027179928667e-05,32,72,53.42857142857143
1020,4,4.9194441028163815e-05,22,68,44
1022,5,6.149305128520478e-05,32,76,58
1024,3,3.6895830771122866e-05,24,54,39.333333333333336
1026,3,3.6895830771122866e-05,20,72,38.666666666666664
1028,1,1.2298610257040954e-05,42,42,42
1030,2,2.4597220514081907e-05,30,70,50
1032,6,7.379166154224573e-05,26,72,55.666666666666664
1034,4,4.9194441028163815e-05,38,66,48.5
1036,8,9.838888205632763e-05,24,72,34
1038,1,1.2298610257040954e-05,32,32,32
1040,1,1.2298610257040954e-05,30,30,30
1042,4,4.9194441028163815e-05,26,72,43
1044,4,4.9194441028163815e-05,26,68,39.5
1046,6,7.379166154224573e-05,34,76,54.333333333333336
1048,4,4.9194441028163815e-05,18,74,41.5
1050,2,2.4597220514081907e-05,36,66,51
1052,1,1.2298610257040954e-05,38,38,38
1054,3,3.6895830771122866e-05,34,76,50
1056,4,4.9194441028163815e-05,12,78,35
1060,3,3.6895830771122866e-05,24,72,48
1062,2,2.4597220514081907e-05,30,40,35
1064,1,1.2298610257040954e-05,32,32,32
1068,2,2.4597220514081907e-05,38,70,54
1070,2,2.4597220514081907e-05,66,74,70
1071,1,1.2298610257040954e-05,74,74,74
1072,4,4.9194441028163815e-05,26,34,30
1078,3,3.6895830771122866e-05,30,78,60.666666666666664
1082,5,6.149305128520478e-05,30,36,33.2
1084,3,3.6895830771122866e-05,34,74,53.333333333333336
1086,1,1.2298610257040954e-05,36,36,36
1088,5,6.149305128520478e-05,24,74,48
1091,1,1.2298610257040954e-05,70,70,70
1092,2,2.4597220514081907e-05,32,40,36
1094,5,6.149305128520478e-05,32,74,46.4
1096,3,3.6895830771122866e-05,20,36,28.666666666666668
1098,6,7.379166154224573e-05,28,76,41.333333333333336
1100,3,3.6895830771122866e-05,24,74,42
1102,3,3.6895830771122866e-05,34,78,62
1104,4,4.9194441028163815e-05,32,78,46
1106,1,1.2298610257040954e-05,36,36,36
1108,4,4.9194441028163815e-05,24,40,32.5
1110,3,3.6895830771122866e-05,28,82,60.666666666666664
1112,6,7.379166154224573e-05,8,78,34.666666666666664
1114,3,3.6895830771122866e-05,32,78,49.333333333333336
1116,4,4.9194441028163815e-05,20,54,35.5
1120,1,1.2298610257040954e-05,32,32,32
1122,1,1.2298610257040954e-05,40,40,40
1124,1,1.2298610257040954e-05,40,40,40
1126,2,2.4597220514081907e-05,32,46,39
1128,1,1.2298610257040954e-05,50,50,50
1132,5,6.149305128520478e-05,24,50,36
1136,3,3.6895830771122866e-05,22,78,44.666666666666664
1138,1,1.2298610257040954e-05,36,36,36
1140,2,2.4597220514081907e-05,46,48,47
1144,4,4.9194441028163815e-05,26,78,56
1145,1,1.2298610257040954e-05,78,78,78
1146,1,1.2298610257040954e-05,44,44,44
1148,2,2.4597220514081907e-05,28,32,30
1152,2,2.4597220514081907e-05,42,54,48
1154,1,1.2298610257040954e-05,78,78,78
1158,4,4.9194441028163815e-05,36,80,47.5
1160,3,3.6895830771122866e-05,32,60,44
1162,5,6.149305128520478e-05,14,86,53.6
1164,1,1.2298610257040954e-05,48,48,48
1166,1,1.2298610257040954e-05,82,82,82
1170,3,3.6895830771122866e-05,34,80,54
1172,1,1.2298610257040954e-05,24,24,24
1174,3,3.6895830771122866e-05,40,84,67.33333333333333
1176,1,1.2298610257040954e-05,30,30,30
1178,3,3.6895830771122866e-05,42,50,47.333333333333336
1180,5,6.149305128520478e-05,26,56,39.6
1182,2,2.4597220514081907e-05,32,54,43
1184,4,4.9194441028163815e-05,24,42,32
1186,1,1.2298610257040954e-05,24,24,24
1188,1,1.2298610257040954e-05,86,86,86
1190,4,4.9194441028163815e-05,36,80,51.5
1192,3,3.6895830771122866e-05,18,68,46.666666666666664
1196,1,1.2298610257040954e-05,36,36,36
1200,1,1.2298610257040954e-05,54,54,54
1202,3,3.6895830771122866e-05,36,82,51.333333333333336
1204,1,1.2298610257040954e-05,42,42,42
1206,1,1.2298610257040954e-05,48,48,48
1210,5,6.149305128520478e-05,30,84,48.8
1212,1,1.2298610257040954e-05,44,44,44
1216,2,2.4597220514081907e-05,32,84,58
1218,1,1.2298610257040954e-05,54,54,54
1220,1,1.2298610257040954e-05,44,44,44
1222,1,1.2298610257040954e-05,32,32,32
1224,2,2.4597220514081907e-05,24,54,39
1228,2,2.4597220514081907e-05,14,52,33
1230,1,1.2298610257040954e-05,40,40,40
1232,1,1.2298610257040954e-05,44,44,44
1234,1,1.2298610257040954e-05,40,40,40
1236,1,1.2298610257040954e-05,48,48,48
1238,2,2.4597220514081907e-05,26,30,28
1240,4,4.9194441028163815e-05,12,84,42.5
1242,1,1.2298610257040954e-05,48,48,48
1244,1,1.2298610257040954e-05,36,36,36
1246,1,1.2298610257040954e-05,36,36,36
1248,3,3.6895830771122866e-05,40,82,68
1250,1,1.2298610257040954e-05,54,54,54
1252,4,4.9194441028163815e-05,32,58,43.5
1254,3,3.6895830771122866e-05,26,60,47.333333333333336
1258,2,2.4597220514081907e-05,48,88,68
1260,3,3.6895830771122866e-05,28,60,42.666666666666664
1262,4,4.9194441028163815e-05,24,90,45.5
1268,2,2.4597220514081907e-05,32,62,47
1270,1,1.2298610257040954e-05,84,84,84
1278,2,2.4597220514081907e-05,40,52,46
1280,1,1.2298610257040954e-05,84,84,84
1286,1,1.2298610257040954e-05,36,36,36
1288,2,2.4597220514081907e-05,42,60,51
1290,1,1.2298610257040954e-05,42,42,42
1292,5,6.149305128520478e-05,34,54,43.6
1294,3,3.6895830771122866e-05,30,96,56
1296,3,3.6895830771122866e-05,20,36,27.333333333333332
1298,1,1.2298610257040954e-05,38,38,38
1300,2,2.4597220514081907e-05,40,52,46
1310,2,2.4597220514081907e-05,34,56,45
1312,2,2.4597220514081907e-05,32,86,59
1314,1,1.2298610257040954e-05,28,28,28
1316,2,2.4597220514081907e-05,38,46,42
1320,3,3.6895830771122866e-05,38,42,40
1322,1,1.2298610257040954e-05,62,62,62
1324,3,3.6895830771122866e-05,28,90,54.666666666666664
1326,1,1.2298610257040954e-05,54,54,54
1328,3,3.6895830771122866e-05,30,56,40.666666666666664
1330,1,1.2298610257040954e-05,54,54,54
1332,1,1.2298610257040954e-05,40,40,40
1334,1,1.2298610257040954e-05,86,86,86
1336,3,3.6895830771122866e-05,20,40,31.333333333333332
1338,1,1.2298610257040954e-05,66,66,66
1344,2,2.4597220514081907e-05,22,30,26
1346,4,4.9194441028163815e-05,38,48,44
1348,3,3.6895830771122866e-05,30,56,43.333333333333336
1350,1,1.2298610257040954e-05,90,90,90
1351,1,1.2298610257040954e-05,52,52,52
1352,2,2.4597220514081907e-05,32,36,34
1356,1,1.2298610257040954e-05,32,32,32
1360,2,2.4597220514081907e-05,26,48,37
1362,1,1.2298610257040954e-05,48,48,48
1364,1,1.2298610257040954e-05,44,44,44
1366,1,1.2298610257040954e-05,40,40,40
1368,3,3.6895830771122866e-05,34,52,42.666666666666664
1370,2,2.4597220514081907e-05,32,48,40
1372,1,1.2298610257040954e-05,46,46,46
1376,2,2.4597220514081907e-05,28,34,31
1378,2,2.4597220514081907e-05,38,90,64
1380,3,3.6895830771122866e-05,40,48,43.333333333333336
1384,1,1.2298610257040954e-05,44,44,44
1388,2,2.4597220514081907e-05,12,36,24
1390,2,2.4597220514081907e-05,36,58,47
1394,2,2.4597220514081907e-05,68,100,84
1396,1,1.2298610257040954e-05,50,50,50
1398,1,1.2298610257040954e-05,40,40,40
1402,1,1.2298610257040954e-05,92,92,92
1404,1,1.2298610257040954e-05,38,38,38
1406,1,1.2298610257040954e-05,44,44,44
1408,1,1.2298610257040954e-05,36,36,36
1410,1,1.2298610257040954e-05,36,36,36
1412,1,1.2298610257040954e-05,46,46,46
1414,1,1.2298610257040954e-05,96,96,96
1416,1,1.2298610257040954e-05,30,30,30
1420,1,1.2298610257040954e-05,26,26,26
1422,1,1.2298610257040954e-05,100,100,100
1424,2,2.4597220514081907e-05,24,36,30
1428,2,2.4597220514081907e-05,54,98,76
1432,2,2.4597220514081907e-05,42,62,52
1438,1,1.2298610257040954e-05,12,12,12
1440,1,1.2298610257040954e-05,48,48,48
1442,2,2.4597220514081907e-05,24,62,43
1446,2,2.4597220514081907e-05,38,42,40
1450,1,1.2298610257040954e-05,40,40,40
1454,1,1.2298610257040954e-05,48,48,48
1460,1,1.2298610257040954e-05,42,42,42
1462,1,1.2298610257040954e-05,64,64,64
1466,3,3.6895830771122866e-05,42,46,43.333333333333336
1468,1,1.2298610257040954e-05,20,20,20
1474,1,1.2298610257040954e-05,52,52,52
1476,1,1.2298610257040954e-05,42,42,42
1480,1,1.2298610257040954e-05,56,56,56
1492,1,1.2298610257040954e-05,50,50,50
1494,2,2.4597220514081907e-05,36,46,41
1496,1,1.2298610257040954e-05,52,52,52
1502,1,1.2298610257040954e-05,54,54,54
1506,2,2.4597220514081907e-05,22,76,49
1510,1,1.2298610257040954e-05,44,44,44
1512,1,1.2298610257040954e-05,34,34,34
1516,2,2.4597220514081907e-05,36,58,47
1518,1,1.2298610257040954e-05,70,70,70
1520,2,2.4597220514081907e-05,42,44,43
1528,1,1.2298610257040954e-05,48,48,48
1536,1,1.2298610257040954e-05,40,40,40
1542,1,1.2298610257040954e-05,66,66,66
1548,2,2.4597220514081907e-05,60,70,65
1550,3,3.6895830771122866e-05,38,112,65.33333333333333
1552,3,3.6895830771122866e-05,38,74,51.333333333333336
1554,1,1.2298610257040954e-05,42,42,42
1558,1,1.2298610257040954e-05,42,42,42
1560,3,3.6895830771122866e-05,38,114,64.66666666666667
1563,1,1.2298610257040954e-05,50,50,50
1568,1,1.2298610257040954e-05,44,44,44
1570,2,2.4597220514081907e-05,36,42,39
1572,1,1.2298610257040954e-05,18,18,18
1574,1,1.2298610257040954e-05,42,42,42
1578,2,2.4597220514081907e-05,34,36,35
1580,4,4.9194441028163815e-05,42,64,51
1588,3,3.6895830771122866e-05,28,46,38
1590,2,2.4597220514081907e-05,40,42,41
1592,5,6.149305128520478e-05,38,90,55.6
1594,1,1.2298610257040954e-05,66,66,66
1596,1,1.2298610257040954e-05,58,58,58
1600,1,1.2298610257040954e-05,34,34,34
1608,2,2.4597220514081907e-05,46,48,47
1612,3,3.6895830771122866e-05,30,56,39.333333333333336
1614,1,1.2298610257040954e-05,54,54,54
1616,1,1.2298610257040954e-05,46,46,46
1618,1,1.2298610257040954e-05,42,42,42
1624,1,1.2298610257040954e-05,54,54,54
1628,1,1.2298610257040954e-05,46,46,46
1630,2,2.4597220514081907e-05,44,60,52
1634,2,2.4597220514081907e-05,58,86,72
1636,1,1.2298610257040954e-05,62,62,62
1638,1,1.2298610257040954e-05,36,36,36
1642,1,1.2298610257040954e-05,54,54,54
1644,2,2.4597220514081907e-05,46,52,49
1648,5,6.149305128520478e-05,32,54,40.8
1653,1,1.2298610257040954e-05,14,14,14
1654,1,1.2298610257040954e-05,32,32,32
1656,1,1.2298610257040954e-05,42,42,42
1658,1,1.2298610257040954e-05,54,54,54
1664,4,4.9194441028163815e-05,24,46,38.5
1666,2,2.4597220514081907e-05,22,42,32
1668,1,1.2298610257040954e-05,20,20,20
1670,1,1.2298610257040954e-05,48,48,48
1672,1,1.2298610257040954e-05,60,60,60
1676,3,3.6895830771122866e-05,40,44,42
1682,2,2.4597220514081907e-05,42,48,45
1684,2,2.4597220514081907e-05,42,60,51
1686,1,1.2298610257040954e-05,56,56,56
1688,1,1.2298610257040954e-05,54,54,54
1696,1,1.2298610257040954e-05,42,42,42
1700,2,2.4597220514081907e-05,36,42,39
1702,2,2.4597220514081907e-05,60,66,63
1704,2,2.4597220514081907e-05,40,54,47
1708,3,3.6895830771122866e-05,50,72,61.333333333333336
1710,1,1.2298610257040954e-05,74,74,74
1714,1,1.2298610257040954e-05,56,56,56
1720,2,2.4597220514081907e-05,54,58,56
1722,1,1.2298610257040954e-05,58,58,58
1728,1,1.2298610257040954e-05,54,54,54
1734,2,2.4597220514081907e-05,64,72,68
1740,1,1.2298610257040954e-05,70,70,70
1742,3,3.6895830771122866e-05,40,84,56
1744,1,1.2298610257040954e-05,56,56,56
1752,2,2.4597220514081907e-05,40,42,41
1754,1,1.2298610257040954e-05,52,52,52
1756,1,1.2298610257040954e-05,48,48,48
1758,1,1.2298610257040954e-05,90,90,90
1760,2,2.4597220514081907e-05,40,48,44
1766,1,1.2298610257040954e-05,60,60,60
1768,2,2.4597220514081907e-05,52,52,52
1772,1,1.2298610257040954e-05,84,84,84
1776,1,1.2298610257040954e-05,34,34,34
1788,2,2.4597220514081907e-05,54,58,56
1794,1,1.2298610257040954e-05,56,56,56
1796,2,2.4597220514081907e-05,30,48,39
1800,1,1.2298610257040954e-05,60,60,60
1802,1,1.2298610257040954e-05,72,72,72
1806,2,2.4597220514081907e-05,62,66,64
1808,1,1.2298610257040954e-05,68,68,68
1812,1,1.2298610257040954e-05,58,58,58
1814,1,1.2298610257040954e-05,70,70,70
1816,1,1.2298610257040954e-05,56,56,56
1818,1,1.2298610257040954e-05,58,58,58
1822,1,1.2298610257040954e-05,52,52,52
1824,1,1.2298610257040954e-05,34,34,34
1830,2,2.4597220514081907e-05,50,58,54
1832,1,1.2298610257040954e-05,42,42,42
1838,1,1.2298610257040954e-05,56,56,56
1840,2,2.4597220514081907e-05,56,58,57
1842,1,1.2298610257040954e-05,58,58,58
1844,1,1.2298610257040954e-05,46,46,46
1846,1,1.2298610257040954e-05,38,38,38
1850,3,3.6895830771122866e-05,42,70,59.333333333333336
1852,1,1.2298610257040954e-05,54,54,54
1854,1,1.2298610257040954e-05,62,62,62
1856,1,1.2298610257040954e-05,66,66,66
1858,1,1.2298610257040954e-05,76,76,76
1862,1,1.2298610257040954e-05,60,60,60
1864,2,2.4597220514081907e-05,42,46,44
1868,1,1.2298610257040954e-05,52,52,52
1872,1,1.2298610257040954e-05,56,56,56
1874,1,1.2298610257040954e-05,34,34,34
1876,2,2.4597220514081907e-05,40,74,57
1880,1,1.2298610257040954e-05,58,58,58
1882,2,2.4597220514081907e-05,54,54,54
1884,3,3.6895830771122866e-05,50,78,59.333333333333336
1890,1,1.2298610257040954e-05,58,58,58
1896,1,1.2298610257040954e-05,56,56,56
1898,1,1.2298610257040954e-05,72,72,72
1910,1,1.2298610257040954e-05,76,76,76
1912,1,1.2298610257040954e-05,86,86,86
1914,1,1.2298610257040954e-05,94,94,94
1916,1,1.2298610257040954e-05,44,44,44
1918,2,2.4597220514081907e-05,48,68,58
1930,2,2.4597220514081907e-05,40,60,50
1938,1,1.2298610257040954e-05,58,58,58
1942,1,1.2298610257040954e-05,54,54,54
1944,1,1.2298610257040954e-05,60,60,60
1946,1,1.2298610257040954e-05,42,42,42
1952,1,1.2298610257040954e-05,52,52,52
1960,1,1.2298610257040954e-05,54,54,54
1964,1,1.2298610257040954e-05,54,54,54
1970,2,2.4597220514081907e-05,60,66,63
1974,2,2.4597220514081907e-05,72,76,74
1978,3,3.6895830771122866e-05,46,84,67.33333333333333
1982,1,1.2298610257040954e-05,58,58,58
1984,1,1.2298610257040954e-05,72,72,72
1986,1,1.2298610257040954e-05,54,54,54
1988,1,1.2298610257040954e-05,54,54,54
1998,2,2.4597220514081907e-05,48,58,53
2000,1,1.2298610257040954e-05,42,42,42
2002,2,2.4597220514081907e-05,44,84,64
2004,1,1.2298610257040954e-05,48,48,48
2006,2,2.4597220514081907e-05,60,72,66
2016,2,2.4597220514081907e-05,48,48,48
2018,1,1.2298610257040954e-05,54,54,54
2020,1,1.2298610257040954e-05,36,36,36
2030,1,1.2298610257040954e-05,46,46,46
2034,2,2.4597220514081907e-05,38,66,52
2038,1,1.2298610257040954e-05,60,60,60
2040,2,2.4597220514081907e-05,72,84,78
2044,1,1.2298610257040954e-05,74,74,74
2046,1,1.2298610257040954e-05,66,66,66
2048,1,1.2298610257040954e-05,72,72,72
2052,1,1.2298610257040954e-05,44,44,44
2056,1,1.2298610257040954e-05,58,58,58
2058,1,1.2298610257040954e-05,36,36,36
2060,1,1.2298610257040954e-05,82,82,82
2064,1,1.2298610257040954e-05,44,44,44
2070,2,2.4597220514081907e-05,60,60,60
2072,1,1.2298610257040954e-05,48,48,48
2074,1,1.2298610257040954e-05,60,60,60
2082,1,1.2298610257040954e-05,50,50,50
2084,1,1.2298610257040954e-05,54,54,54
2088,1,1.2298610257040954e-05,54,54,54
2090,2,2.4597220514081907e-05,50,60,55
2094,3,3.6895830771122866e-05,48,98,74.66666666666667
2096,1,1.2298610257040954e-05,66,66,66
2100,1,1.2298610257040954e-05,72,72,72
2102,2,2.4597220514081907e-05,72,88,80
2104,1,1.2298610257040954e-05,60,60,60
2106,3,3.6895830771122866e-05,68,106,83.33333333333333
2110,1,1.2298610257040954e-05,64,64,64
2114,1,1.2298610257040954e-05,52,52,52
2116,1,1.2298610257040954e-05,36,36,36
2124,1,1.2298610257040954e-05,78,78,78
2130,1,1.2298610257040954e-05,68,68,68
2136,2,2.4597220514081907e-05,46,48,47
2142,1,1.2298610257040954e-05,74,74,74
2146,2,2.4597220514081907e-05,70,82,76
2152,1,1.2298610257040954e-05,38,38,38
2156,1,1.2298610257040954e-05,64,64,64
2158,1,1.2298610257040954e-05,48,48,48
2160,1,1.2298610257040954e-05,70,70,70
2162,2,2.4597220514081907e-05,50,56,53
2164,1,1.2298610257040954e-05,72,72,72
2166,1,1.2298610257040954e-05,66,66,66
2168,1,1.2298610257040954e-05,54,54,54
2174,2,2.4597220514081907e-05,40,80,60
2176,1,1.2298610257040954e-05,58,58,58
2186,1,1.2298610257040954e-05,78,78,78
2194,1,1.2298610257040954e-05,46,46,46
2200,1,1.2298610257040954e-05,60,60,60
2202,1,1.2298610257040954e-05,100,100,100
2208,2,2.4597220514081907e-05,48,76,62
2210,1,1.2298610257040954e-05,84,84,84
2219,1,1.2298610257040954e-05,58,58,58
2220,2,2.4597220514081907e-05,54,64,59
2228,1,1.2298610257040954e-05,48,48,48
2230,1,1.2298610257040954e-05,80,80,80
2232,1,1.2298610257040954e-05,36,36,36
2234,1,1.2298610257040954e-05,88,88,88
2244,1,1.2298610257040954e-05,100,100,100
2246,1,1.2298610257040954e-05,42,42,42
2250,1,1.2298610257040954e-05,78,78,78
2256,1,1.2298610257040954e-05,56,56,56
2258,2,2.4597220514081907e-05,60,66,63
2264,1,1.2298610257040954e-05,78,78,78
2270,1,1.2298610257040954e-05,68,68,68
2274,1,1.2298610257040954e-05,60,60,60
2278,1,1.2298610257040954e-05,66,66,66
2286,1,1.2298610257040954e-05,56,56,56
2290,1,1.2298610257040954e-05,42,42,42
2298,1,1.2298610257040954e-05,68,68,68
2302,1,1.2298610257040954e-05,54,54,54
2308,1,1.2298610257040954e-05,54,54,54
2312,1,1.2298610257040954e-05,66,66,66
2316,3,3.6895830771122866e-05,60,92,72.66666666666667
2320,1,1.2298610257040954e-05,30,30,30
2322,1,1.2298610257040954e-05,60,60,60
2324,2,2.4597220514081907e-05,68,82,75
2326,1,1.2298610257040954e-05,84,84,84
2332,1,1.2298610257040954e-05,48,48,48
2346,3,3.6895830771122866e-05,62,78,68
2348,1,1.2298610257040954e-05,50,50,50
2350,1,1.2298610257040954e-05,86,86,86
2354,1,1.2298610257040954e-05,42,42,42
2356,1,1.2298610257040954e-05,54,54,54
2372,1,1.2298610257040954e-05,54,54,54
2376,1,1.2298610257040954e-05,84,84,84
2380,2,2.4597220514081907e-05,60,84,72
2382,1,1.2298610257040954e-05,56,56,56
2384,2,2.4597220514081907e-05,60,72,66
2386,1,1.2298610257040954e-05,60,60,60
2404,1,1.2298610257040954e-05,40,40,40
2408,1,1.2298610257040954e-05,56,56,56
2412,1,1.2298610257040954e-05,44,44,44
2416,1,1.2298610257040954e-05,66,66,66
2438,1,1.2298610257040954e-05,38,38,38
2440,2,2.4597220514081907e-05,50,50,50
2444,2,2.4597220514081907e-05,78,100,89
2456,1,1.2298610257040954e-05,70,70,70
2458,1,1.2298610257040954e-05,58,58,58
2474,2,2.4597220514081907e-05,62,80,71
2482,1,1.2298610257040954e-05,72,72,72
2488,1,1.2298610257040954e-05,54,54,54
2490,2,2.4597220514081907e-05,62,100,81
2500,1,1.2298610257040954e-05,70,70,70
2502,1,1.2298610257040954e-05,70,70,70
2504,1,1.2298610257040954e-05,68,68,68
2514,1,1.2298610257040954e-05,84,84,84
2520,1,1.2298610257040954e-05,90,90,90
2522,1,1.2298610257040954e-05,84,84,84
2524,1,1.2298610257040954e-05,54,54,54
2526,1,1.2298610257040954e-05,26,26,26
2530,1,1.2298610257040954e-05,54,54,54
2532,1,1.2298610257040954e-05,60,60,60
2540,1,1.2298610257040954e-05,72,72,72
2550,1,1.2298610257040954e-05,104,104,104
2554,1,1.2298610257040954e-05,84,84,84
2560,1,1.2298610257040954e-05,60,60,60
2582,1,1.2298610257040954e-05,66,66,66
2584,2,2.4597220514081907e-05,64,78,71
2588,1,1.2298610257040954e-05,84,84,84
2592,1,1.2298610257040954e-05,66,66,66
2600,1,1.2298610257040954e-05,74,74,74
2606,1,1.2298610257040954e-05,84,84,84
2622,1,1.2298610257040954e-05,66,66,66
2624,1,1.2298610257040954e-05,58,58,58
2626,1,1.2298610257040954e-05,72,72,72
2644,1,1.2298610257040954e-05,74,74,74
2648,1,1.2298610257040954e-05,86,86,86
2656,1,1.2298610257040954e-05,78,78,78
2662,1,1.2298610257040954e-05,66,66,66
2668,2,2.4597220514081907e-05,66,70,68
2670,1,1.2298610257040954e-05,84,84,84
2674,1,1.2298610257040954e-05,68,68,68
2686,1,1.2298610257040954e-05,76,76,76
2698,1,1.2298610257040954e-05,84,84,84
2712,1,1.2298610257040954e-05,92,92,92
2720,1,1.2298610257040954e-05,44,44,44
2722,1,1.2298610257040954e-05,68,68,68
2726,1,1.2298610257040954e-05,90,90,90
2750,1,1.2298610257040954e-05,78,78,78
2764,1,1.2298610257040954e-05,30,30,30
2774,1,1.2298610257040954e-05,48,48,48
2784,1,1.2298610257040954e-05,90,90,90
2804,1,1.2298610257040954e-05,72,72,72
2824,1,1.2298610257040954e-05,56,56,56
2826,1,1.2298610257040954e-05,98,98,98
2828,1,1.2298610257040954e-05,50,50,50
2832,1,1.2298610257040954e-05,62,62,62
2844,2,2.4597220514081907e-05,48,78,63
2854,1,1.2298610257040954e-05,66,66,66
2856,1,1.2298610257040954e-05,84,84,84
2864,1,1.2298610257040954e-05,84,84,84
2866,1,1.2298610257040954e-05,114,114,114
2874,1,1.2298610257040954e-05,66,66,66
2876,1,1.2298610257040954e-05,86,86,86
2878,1,1.2298610257040954e-05,80,80,80
2880,2,2.4597220514081907e-05,70,88,79
2882,3,3.6895830771122866e-05,34,96,64.66666666666667
2886,1,1.2298610257040954e-05,90,90,90
2888,1,1.2298610257040954e-05,62,62,62
2892,1,1.2298610257040954e-05,102,102,102
2894,1,1.2298610257040954e-05,66,66,66
2904,1,1.2298610257040954e-05,84,84,84
2908,1,1.2298610257040954e-05,90,90,90
2912,1,1.2298610257040954e-05,64,64,64
2922,1,1.2298610257040954e-05,80,80,80
2932,1,1.2298610257040954e-05,84,84,84
2934,1,1.2298610257040954e-05,82,82,82
2942,1,1.2298610257040954e-05,48,48,48
2944,3,3.6895830771122866e-05,54,90,77.33333333333333
2946,1,1.2298610257040954e-05,84,84,84
2950,1,1.2298610257040954e-05,74,74,74
2954,1,1.2298610257040954e-05,102,102,102
2968,1,1.2298610257040954e-05,90,90,90
2974,1,1.2298610257040954e-05,90,90,90
2976,1,1.2298610257040954e-05,88,88,88
3000,1,1.2298610257040954e-05,84,84,84
3010,2,2.4597220514081907e-05,66,86,76
3014,1,1.2298610257040954e-05,72,72,72
3022,1,1.2298610257040954e-05,84,84,84
3036,1,1.2298610257040954e-05,72,72,72
3038,1,1.2298610257040954e-05,70,70,70
3048,1,1.2298610257040954e-05,110,110,110
3056,1,1.2298610257040954e-05,76,76,76
3068,1,1.2298610257040954e-05,88,88,88
3074,2,2.4597220514081907e-05,32,68,50
3092,1,1.2298610257040954e-05,108,108,108
3100,1,1.2298610257040954e-05,92,92,92
3102,1,1.2298610257040954e-05,104,104,104
3110,2,2.4597220514081907e-05,70,84,77
3130,1,1.2298610257040954e-05,82,82,82
3146,1,1.2298610257040954e-05,72,72,72
3152,1,1.2298610257040954e-05,54,54,54
3168,1,1.2298610257040954e-05,70,70,70
3192,2,2.4597220514081907e-05,72,108,90
3200,1,1.2298610257040954e-05,110,110,110
3212,1,1.2298610257040954e-05,94,94,94
3220,1,1.2298610257040954e-05,86,86,86
3236,1,1.2298610257040954e-05,84,84,84
3242,1,1.2298610257040954e-05,108,108,108
3246,1,1.2298610257040954e-05,94,94,94
3252,2,2.4597220514081907e-05,86,90,88
3268,2,2.4597220514081907e-05,84,104,94
3280,1,1.2298610257040954e-05,78,78,78
3304,1,1.2298610257040954e-05,62,62,62
3308,1,1.2298610257040954e-05,82,82,82
3342,1,1.2298610257040954e-05,76,76,76
3366,1,1.2298610257040954e-05,84,84,84
3370,1,1.2298610257040954e-05,96,96,96
3380,1,1.2298610257040954e-05,108,108,108
3388,1,1.2298610257040954e-05,86,86,86
3392,1,1.2298610257040954e-05,80,80,80
3396,1,1.2298610257040954e-05,106,106,106
3398,1,1.2298610257040954e-05,134,134,134
3402,1,1.2298610257040954e-05,86,86,86
3404,1,1.2298610257040954e-05,64,64,64
3416,1,1.2298610257040954e-05,80,80,80
3420,1,1.2298610257040954e-05,82,82,82
3422,1,1.2298610257040954e-05,50,50,50
3424,1,1.2298610257040954e-05,90,90,90
3430,1,1.2298610257040954e-05,90,90,90
3438,1,1.2298610257040954e-05,86,86,86
3464,1,1.2298610257040954e-05,82,82,82
3486,1,1.2298610257040954e-05,60,60,60
3494,1,1.2298610257040954e-05,76,76,76
3512,1,1.2298610257040954e-05,98,98,98
3526,1,1.2298610257040954e-05,96,96,96
3536,1,1.2298610257040954e-05,72,72,72
3550,1,1.2298610257040954e-05,76,76,76
3552,1,1.2298610257040954e-05,84,84,84
3558,1,1.2298610257040954e-05,86,86,86
3570,1,1.2298610257040954e-05,90,90,90
3572,1,1.2298610257040954e-05,90,90,90
3584,1,1.2298610257040954e-05,120,120,120
3590,1,1.2298610257040954e-05,102,102,102
3592,1,1.2298610257040954e-05,96,96,96
3598,1,1.2298610257040954e-05,88,88,88
3616,1,1.2298610257040954e-05,84,84,84
3618,1,1.2298610257040954e-05,74,74,74
3636,1,1.2298610257040954e-05,74,74,74
3638,1,1.2298610257040954e-05,80,80,80
3648,1,1.2298610257040954e-05,90,90,90
3694,1,1.2298610257040954e-05,90,90,90
3720,1,1.2298610257040954e-05,78,78,78
3726,1,1.2298610257040954e-05,114,114,114
3730,1,1.2298610257040954e-05,94,94,94
3766,1,1.2298610257040954e-05,98,98,98
3774,1,1.2298610257040954e-05,96,96,96
3778,1,1.2298610257040954e-05,102,102,102
3802,1,1.2298610257040954e-05,102,102,102
3852,1,1.2298610257040954e-05,80,80,80
3860,1,1.2298610257040954e-05,86,86,86
3900,1,1.2298610257040954e-05,102,102,102
3908,1,1.2298610257040954e-05,104,104,104
3918,2,2.4597220514081907e-05,60,96,78
3928,1,1.2298610257040954e-05,96,96,96
3942,1,1.2298610257040954e-05,86,86,86
3986,1,1.2298610257040954e-05,84,84,84
3988,1,1.2298610257040954e-05,70,70,70
3994,1,1.2298610257040954e-05,100,100,100
4016,1,1.2298610257040954e-05,148,148,148
4030,1,1.2298610257040954e-05,126,126,126
4062,1,1.2298610257040954e-05,98,98,98
4082,1,1.2298610257040954e-05,36,36,36
4116,1,1.2298610257040954e-05,84,84,84
4132,1,1.2298610257040954e-05,104,104,104
4134,1,1.2298610257040954e-05,90,90,90
4138,1,1.2298610257040954e-05,108,108,108
4146,1,1.2298610257040954e-05,98,98,98
4166,1,1.2298610257040954e-05,94,94,94
4170,1,1.2298610257040954e-05,70,70,70
4174,1,1.2298610257040954e-05,108,108,108
4216,1,1.2298610257040954e-05,120,120,120
4224,1,1.2298610257040954e-05,114,114,114
4234,1,1.2298610257040954e-05,74,74,74
4246,1,1.2298610257040954e-05,120,120,120
4252,1,1.2298610257040954e-05,126,126,126
4270,1,1.2298610257040954e-05,136,136,136
4284,1,1.2298610257040954e-05,96,96,96
4314,1,1.2298610257040954e-05,24,24,24
4326,2,2.4597220514081907e-05,116,164,140
4388,1,1.2298610257040954e-05,120,120,120
4488,1,1.2298610257040954e-05,90,90,90
4502,1,1.2298610257040954e-05,94,94,94
4534,1,1.2298610257040954e-05,118,118,118
4558,1,1.2298610257040954e-05,126,126,126
4568,1,1.2298610257040954e-05,120,120,120
4662,1,1.2298610257040954e-05,150,150,150
4686,1,1.2298610257040954e-05,96,96,96
4702,1,1.2298610257040954e-05,120,120,120
4706,1,1.2298610257040954e-05,142,142,142
4746,1,1.2298610257040954e-05,100,100,100
4790,1,1.2298610257040954e-05,116,116,116
4796,1,1.2298610257040954e-05,126,126,126
4798,1,1.2298610257040954e-05,120,120,120
4804,1,1.2298610257040954e-05,138,138,138
4820,1,1.2298610257040954e-05,150,150,150
4822,1,1.2298610257040954e-05,116,116,116
4834,1,1.2298610257040954e-05,120,120,120
4906,1,1.2298610257040954e-05,180,180,180
4912,1,1.2298610257040954e-05,162,162,162
4930,1,1.2298610257040954e-05,118,118,118
4960,1,1.2298610257040954e-05,110,110,110
4964,1,1.2298610257040954e-05,106,106,106
5020,1,1.2298610257040954e-05,108,108,108
5040,1,1.2298610257040954e-05,126,126,126
5044,1,1.2298610257040954e-05,130,130,130
5098,1,1.2298610257040954e-05,146,146,146
5150,1,1.2298610257040954e-05,132,132,132
5178,1,1.2298610257040954e-05,128,128,128
5202,1,1.2298610257040954e-05,96,96,96
5220,1,1.2298610257040954e-05,38,38,38
5238,1,1.2298610257040954e-05,142,142,142
5264,1,1.2298610257040954e-05,120,120,120
5324,1,1.2298610257040954e-05,128,128,128
5358,1,1.2298610257040954e-05,80,80,80
5426,1,1.2298610257040954e-05,120,120,120
5462,1,1.2298610257040954e-05,150,150,150
5556,1,1.2298610257040954e-05,122,122,122
5570,1,1.2298610257040954e-05,122,122,122
5602,1,1.2298610257040954e-05,150,150,150
5612,1,1.2298610257040954e-05,150,150,150
5634,1,1.2298610257040954e-05,90,90,90
5668,1,1.2298610257040954e-05,138,138,138
5676,1,1.2298610257040954e-05,134,134,134
5696,1,1.2298610257040954e-05,140,140,140
5697,1,1.2298610257040954e-05,124,124,124
5710,1,1.2298610257040954e-05,166,166,166
5720,1,1.2298610257040954e-05,140,140,140
5782,1,1.2298610257040954e-05,122,122,122
5896,1,1.2298610257040954e-05,170,170,170
5934,1,1.2298610257040954e-05,146,146,146
6014,1,1.2298610257040954e-05,120,120,120
6048,1,1.2298610257040954e-05,168,168,168
6078,1,1.2298610257040954e-05,166,166,166
6100,1,1.2298610257040954e-05,114,114,114
6362,1,1.2298610257040954e-05,134,134,134
6422,1,1.2298610257040954e-05,182,182,182
6448,1,1.2298610257040954e-05,138,138,138
6468,1,1.2298610257040954e-05,188,188,188
6504,1,1.2298610257040954e-05,138,138,138
6548,1,1.2298610257040954e-05,154,154,154
7064,1,1.2298610257040954e-05,222,222,222
7152,1,1.2298610257040954e-05,236,236,236
7178,1,1.2298610257040954e-05,104,104,104
7514,1,1.2298610257040954e-05,144,144,144
7518,1,1.2298610257040954e-05,206,206,206
7864,1,1.2298610257040954e-05,198,198,198
8184,1,1.2298610257040954e-05,212,212,212
8572,1,1.2298610257040954e-05,186,186,186
8910,1,1.2298610257040954e-05,198,198,198
9736,1,1.2298610257040954e-05,280,280,280
