scale,q,candidate,factor_signature,third_factor,third_remainder,fourth_factor,fourth_remainder,fourth_remainder_tau,fourth_remainder_family,fourth_remainder_signature,fourth_strip_terminal,fourth_strip_accounted
1000000000000000000,999999999999999989,999999999999999991,23*71*307*2251*6257*141623,307,1994690134861,2251,886135111,4,semiprime_distinct,6257*141623,fourth_strip_semiprime_distinct,True
1000000000000000000,999999999999998021,999999999999998023,13*19*29*47*1113157*2668399,29,139606310205221,47,2970347025643,4,semiprime_distinct,1113157*2668399,fourth_strip_semiprime_distinct,True
1000000000000000000,999999999999996791,999999999999996793,7^2*59*281*1061*3571*324893,59,345901072293323,281,1230964670083,8,multi_prime_family,1061*3571*324893,fifth_layer_multi_prime,False
1000000000000000000,999999999999996119,999999999999996121,7*109*389*11789*16759*17053,389,3369192775103,11789,285791227,4,semiprime_distinct,16759*17053,fourth_strip_semiprime_distinct,True
1000000000000000000,999999999999991079,999999999999991081,7*13*173*191*417793*796009,173,63520294734167,191,332566988137,4,semiprime_distinct,417793*796009,fourth_strip_semiprime_distinct,True
1000000000000000000,999999999999989441,999999999999989443,7^3*13^2*6701*2574420929,7,2915451895043701,13,224265530387977,8,multi_prime_family,13*6701*2574420929,fifth_layer_multi_prime,False
1000000000000000000,999999999999984449,999999999999984451,13*29*79*389*1663*4007*12953,79,33576201188597,389,86314141873,8,multi_prime_family,1663*4007*12953,fifth_layer_multi_prime,False
1000000000000000000,999999999999984149,999999999999984151,7^2*31*131*163*30830695793,31,658327847267929,131,5025403414259,4,semiprime_distinct,163*30830695793,fourth_strip_semiprime_distinct,True
1000000000000000000,999999999999983267,999999999999983269,7^3*43*2528717*26812493,7,2915451895043683,43,67801206861481,4,semiprime_distinct,2528717*26812493,fourth_strip_semiprime_distinct,True
1000000000000000000,999999999999981719,999999999999981721,13*19*37*43*683*1601*2327131,37,109421162052739,43,2544678187273,8,multi_prime_family,683*1601*2327131,fifth_layer_multi_prime,False
1000000000000000000,999999999999976721,999999999999976723,11^2*167*359*547*252009193,167,49487801256989,359,137849028571,4,semiprime_distinct,547*252009193,fourth_strip_semiprime_distinct,True
1000000000000000000,999999999999974717,999999999999974719,127*131*167*181*33083*60107,167,359922098461,181,1988519881,4,semiprime_distinct,33083*60107,fourth_strip_semiprime_distinct,True
1000000000000000000,999999999999962201,999999999999962203,11^2*31*4567*101537*574907,31,266595574513453,4567,58374332059,4,semiprime_distinct,101537*574907,fourth_strip_semiprime_distinct,True
1000000000000000000,999999999999958571,999999999999958573,7^4*11^2*17*21617*9366517,7,2915451895043611,7,416493127863373,24,multi_prime_family,11^2*17*21617*9366517,fifth_layer_multi_prime,False
1000000000000000000,999999999999953621,999999999999953623,11*23*1291*2281*6829*196549,1291,3061633749001,2281,1342233121,4,semiprime_distinct,6829*196549,fourth_strip_semiprime_distinct,True
1000000000000000000,999999999999946139,999999999999946141,7*103*347*467*7907*1082447,347,3997010236343,467,8558908429,4,semiprime_distinct,7907*1082447,fourth_strip_semiprime_distinct,True
1000000000000000000,999999999999945341,999999999999945343,7^2*23*43*175003*117913121,23,887311446317609,43,20635149914363,4,semiprime_distinct,175003*117913121,fourth_strip_semiprime_distinct,True
1000000000000000000,999999999999944051,999999999999944053,11^2*43*163*86753*13591709,43,192196809532951,163,1179121530877,4,semiprime_distinct,86753*13591709,fourth_strip_semiprime_distinct,True
1000000000000000000,999999999999941537,999999999999941539,17*37*83*283*41479*1631761,83,19154519508877,283,67683814519,4,semiprime_distinct,41479*1631761,fourth_strip_semiprime_distinct,True
1000000000000000000,999999999999935639,999999999999935641,7^2*107*167*20807*54890123,107,190730497806587,167,1142098789261,4,semiprime_distinct,20807*54890123,fourth_strip_semiprime_distinct,True
1000000000000000000,999999999999935009,999999999999935011,7*11*17*45341*50263*335213,17,763941940412479,45341,16848811019,4,semiprime_distinct,50263*335213,fourth_strip_semiprime_distinct,True
1000000000000000000,999999999999925949,999999999999925951,13*67*73*127*443*1087*257171,73,15727474324897,127,123838380511,8,multi_prime_family,443*1087*257171,fifth_layer_multi_prime,False
1000000000000000000,999999999999925469,999999999999925471,23*163*199*397*30829*109517,199,1340390938421,397,3376299593,4,semiprime_distinct,30829*109517,fourth_strip_semiprime_distinct,True
1000000000000000000,999999999999923921,999999999999923923,7*11*13*19*401*131119700617,13,999000999000923,19,52578999947417,4,semiprime_distinct,401*131119700617,fourth_strip_semiprime_distinct,True
1000000000000000000,999999999999921467,999999999999921469,23*31*41*179*3301*4679*12373,41,34207915711693,179,191105674367,8,multi_prime_family,3301*4679*12373,fifth_layer_multi_prime,False
1000000000000000000,999999999999916067,999999999999916069,7*11*29*71*283*9391*2373311,29,447828034034893,71,6307437099083,8,multi_prime_family,283*9391*2373311,fifth_layer_multi_prime,False
1000000000000000000,999999999999915479,999999999999915481,7*151*223*3089*31151*44089,223,4242483380071,3089,1373416439,4,semiprime_distinct,31151*44089,fourth_strip_semiprime_distinct,True
1000000000000000000,999999999999913631,999999999999913633,7*29*1699*6959*15583*26737,1699,2899416347489,6959,416642671,4,semiprime_distinct,15583*26737,fourth_strip_semiprime_distinct,True
1000000000000000000,999999999999911237,999999999999911239,7^3*31*545939*172266197,7,2915451895043473,31,94046835323983,4,semiprime_distinct,545939*172266197,fourth_strip_semiprime_distinct,True
1000000000000000000,999999999999909959,999999999999909961,13*107*113*139*36293*1261121,113,6362011158967,139,45769864453,4,semiprime_distinct,36293*1261121,fourth_strip_semiprime_distinct,True
1000000000000000000,999999999999905357,999999999999905359,7^2*13*179*977*8053*1114693,13,1569858712715707,179,8770160406233,8,multi_prime_family,977*8053*1114693,fifth_layer_multi_prime,False
1000000000000000000,999999999999902009,999999999999902011,11*23*71*863*238291*270709,71,55669988309297,863,64507518319,4,semiprime_distinct,238291*270709,fourth_strip_semiprime_distinct,True
1000000000000000000,999999999999901577,999999999999901579,7*19*37*47*1447*25469*117319,37,203210729526499,47,4323632543117,8,multi_prime_family,1447*25469*117319,fifth_layer_multi_prime,False
1000000000000000000,999999999999898697,999999999999898699,17*23*61*173*181*7907*169339,61,41926963230049,173,242352388613,8,multi_prime_family,181*7907*169339,fifth_layer_multi_prime,False
1000000000000000000,999999999999893597,999999999999893599,7^2*17*19*97*1451*3191*140681,17,1200480192076703,19,63183168004037,16,multi_prime_family,97*1451*3191*140681,fifth_layer_multi_prime,False
1000000000000000000,999999999999887759,999999999999887761,7*47*59*67*156059*4927067,59,51517180979851,67,768913148953,4,semiprime_distinct,156059*4927067,fourth_strip_semiprime_distinct,True
1000000000000000000,999999999999887027,999999999999887029,11*13^3*41*593*1701918299,13,537923614846631,13,41378739603587,8,multi_prime_family,41*593*1701918299,fifth_layer_multi_prime,False
1000000000000000000,999999999999883877,999999999999883879,29*179*541*1811*3001*65519,541,356083381909,1811,196622519,4,semiprime_distinct,3001*65519,fourth_strip_semiprime_distinct,True
1000000000000000000,999999999999881051,999999999999881053,17*151*173*523*983*4379987,173,2251790736583,523,4305527221,4,semiprime_distinct,983*4379987,fourth_strip_semiprime_distinct,True
1000000000000000000,999999999999879317,999999999999879319,7*17*67*449*6661*41936527,67,125423303649803,449,279339206347,4,semiprime_distinct,6661*41936527,fourth_strip_semiprime_distinct,True
1000000000000000000,999999999999878777,999999999999878779,11*19^2*43*103*56858373581,19,251825736590249,43,5856412478843,4,semiprime_distinct,103*56858373581,fourth_strip_semiprime_distinct,True
1000000000000000000,999999999999876269,999999999999876271,11*19*31*37^2*3449*32688529,31,154344806297249,37,4171481251277,8,multi_prime_family,37*3449*32688529,fifth_layer_multi_prime,False
1000000000000000000,999999999999874109,999999999999874111,7*131*277*773*14867*342569,277,3936868378679,773,5092973323,4,semiprime_distinct,14867*342569,fourth_strip_semiprime_distinct,True
1000000000000000000,999999999999873809,999999999999873811,17*61*83*97*2357*3733*13613,83,11618315111941,97,119776444453,8,multi_prime_family,2357*3733*13613,fifth_layer_multi_prime,False
1000000000000000000,999999999999872891,999999999999872893,7*17*23*59*307*20171343053,23,365363536718989,59,6192602317271,4,semiprime_distinct,307*20171343053,fourth_strip_semiprime_distinct,True
1000000000000000000,999999999999868061,999999999999868063,7*19*23*67*18059*270179269,23,326904217064357,67,4879167418871,4,semiprime_distinct,18059*270179269,fourth_strip_semiprime_distinct,True
1000000000000000000,999999999999860087,999999999999860089,31*109*293*709*19483*73121,293,1010053058087,709,1424616443,4,semiprime_distinct,19483*73121,fourth_strip_semiprime_distinct,True
1000000000000000000,999999999999848741,999999999999848743,7*23*31*37*181*257*116412337,31,200360649168473,37,5415152680229,8,multi_prime_family,181*257*116412337,fifth_layer_multi_prime,False
1000000000000000000,999999999999846641,999999999999846643,7*29*103*673*6287*11303377,103,47826294896927,673,71064331199,4,semiprime_distinct,6287*11303377,fourth_strip_semiprime_distinct,True
1000000000000000000,999999999999844127,999999999999844129,11*13*17*97*1997*2123563451,17,411353352529759,97,4240756211647,4,semiprime_distinct,1997*2123563451,fourth_strip_semiprime_distinct,True
1000000000000000000,999999999999843137,999999999999843139,11^2*67*691*829*215331343,67,123350191192777,691,178509683347,4,semiprime_distinct,829*215331343,fourth_strip_semiprime_distinct,True
1000000000000000000,999999999999841319,999999999999841321,13*317*337*521*3691*374443,337,720058007873,521,1382069113,4,semiprime_distinct,3691*374443,fourth_strip_semiprime_distinct,True
1000000000000000000,999999999999839207,999999999999839209,7^3*53*101*277*641*3067403,7,2915451895043263,53,55008526321571,16,multi_prime_family,101*277*641*3067403,fifth_layer_multi_prime,False
1000000000000000000,999999999999828617,999999999999828619,11^3*19*1229*6701*4801499,11,751314800901449,19,39542884257971,8,multi_prime_family,1229*6701*4801499,fifth_layer_multi_prime,False
1000000000000000000,999999999999826607,999999999999826609,7*31*71*79*20287*40498319,71,64905562406687,79,821589397553,4,semiprime_distinct,20287*40498319,fourth_strip_semiprime_distinct,True
1000000000000000000,999999999999823289,999999999999823291,7*79*107*977*51361*336793,107,16900170691721,977,17298025273,4,semiprime_distinct,51361*336793,fourth_strip_semiprime_distinct,True
1000000000000000000,999999999999822281,999999999999822283,7*11*29*211*911*3391*687041,29,447828034034851,211,2122407744241,8,multi_prime_family,911*3391*687041,fifth_layer_multi_prime,False
1000000000000000000,999999999999813551,999999999999813553,13*23*83*197*26993*7577629,83,40294959100609,197,204542939597,4,semiprime_distinct,26993*7577629,fourth_strip_semiprime_distinct,True
1000000000000000000,999999999999811919,999999999999811921,11^2*179*251*367*501212407,179,46170183295619,251,183944953369,4,semiprime_distinct,367*501212407,fourth_strip_semiprime_distinct,True
1000000000000000000,999999999999807299,999999999999807301,11*19^2*131*44647*43056283,19,251825736590231,131,1922333867101,4,semiprime_distinct,44647*43056283,fourth_strip_semiprime_distinct,True
1000000000000000000,999999999999804347,999999999999804349,7*13*17*2161*2287*130794281,17,646412411118167,2161,299126520647,4,semiprime_distinct,2287*130794281,fourth_strip_semiprime_distinct,True
1000000000000000000,999999999999803339,999999999999803341,7^2*11*23*67*239*1289*3908029,11,1855287569572919,23,80664676937953,16,multi_prime_family,67*239*1289*3908029,fifth_layer_multi_prime,False
1000000000000000000,999999999999802481,999999999999802483,11^2*137*257*347*676443401,137,60324546057779,257,234725860147,4,semiprime_distinct,347*676443401,fourth_strip_semiprime_distinct,True
1000000000000000000,999999999999800567,999999999999800569,7*11*31*37*550189*20579459,31,418935902806787,37,11322591967751,4,semiprime_distinct,550189*20579459,fourth_strip_semiprime_distinct,True
1000000000000000000,999999999999798521,999999999999798523,11*19*31*1117*2441*56607121,31,154344806297237,1117,138177982361,4,semiprime_distinct,2441*56607121,fourth_strip_semiprime_distinct,True
1000000000000000000,999999999999795947,999999999999795949,7*11^2*157*1697*3413*1298371,11,1180637544273667,157,7519984358431,8,multi_prime_family,1697*3413*1298371,fifth_layer_multi_prime,False
1000000000000000000,999999999999793049,999999999999793051,7^2*19*29*443*83608146343,19,1074113856068521,29,37038408829949,4,semiprime_distinct,443*83608146343,fourth_strip_semiprime_distinct,True
1000000000000000000,999999999999792317,999999999999792319,11^2*41*331*761*24859*32191,41,201572263656479,331,608979648509,8,multi_prime_family,761*24859*32191,fifth_layer_multi_prime,False
1000000000000000000,999999999999791831,999999999999791833,7*29*43*107*971*1102636841,43,114560659869377,107,1070660372611,4,semiprime_distinct,971*1102636841,fourth_strip_semiprime_distinct,True
1000000000000000000,999999999999790991,999999999999790993,7^2*431*2399*15733*1254541,431,47350726833647,2399,19737693553,4,semiprime_distinct,15733*1254541,fourth_strip_semiprime_distinct,True
1000000000000000000,999999999999790697,999999999999790699,7^2*13^2*139*379*16417*139627,13,1569858712715527,13,120758362516579,16,multi_prime_family,139*379*16417*139627,fifth_layer_multi_prime,False
1000000000000000000,999999999999789059,999999999999789061,7*13*19*47*661*71647*259841,19,578368999421509,47,12305723391947,8,multi_prime_family,661*71647*259841,fifth_layer_multi_prime,False
1000000000000000000,999999999999786641,999999999999786643,11*13^2*23*8641*2706629239,13,537923614846577,23,23387983254199,4,semiprime_distinct,8641*2706629239,fourth_strip_semiprime_distinct,True
1000000000000000000,999999999999778061,999999999999778063,11*13*31*47*353*431*31546591,31,225580870742111,47,4799592994513,8,multi_prime_family,353*431*31546591,fifth_layer_multi_prime,False
1000000000000000000,999999999999776807,999999999999776809,11*17*67^2*103*563*20542967,67,79814829595321,67,1191266113363,8,multi_prime_family,103*563*20542967,fifth_layer_multi_prime,False
1000000000000000000,999999999999764669,999999999999764671,17*31*101*137*977*1289*108893,101,18787457493373,137,137134726229,8,multi_prime_family,977*1289*108893,fifth_layer_multi_prime,False
1000000000000000000,999999999999763241,999999999999763243,13*17*1039*4013*19891*54559,1039,4355040305897,4013,1085233069,4,semiprime_distinct,19891*54559,fourth_strip_semiprime_distinct,True
1000000000000000000,999999999999762221,999999999999762223,7*11*17*251*3719*11239*72817,17,763941940412347,251,3043593388097,8,multi_prime_family,3719*11239*72817,fifth_layer_multi_prime,False
1000000000000000000,999999999999760247,999999999999760249,7*79*211*271*9349*3382657,211,8570228739403,271,31624460293,4,semiprime_distinct,9349*3382657,fourth_strip_semiprime_distinct,True
1000000000000000000,999999999999759071,999999999999759073,7*53*73*127*367*21799*36341,73,36923531366531,127,290736467453,8,multi_prime_family,367*21799*36341,fifth_layer_multi_prime,False
1000000000000000000,999999999999749519,999999999999749521,23*43^2*101*809*287783147,43,23514473158223,101,232816565923,4,semiprime_distinct,809*287783147,fourth_strip_semiprime_distinct,True
1000000000000000000,999999999999735719,999999999999735721,7^2*23*1201*208699*3540077,23,887311446317423,1201,738810529823,4,semiprime_distinct,208699*3540077,fourth_strip_semiprime_distinct,True
1000000000000000000,999999999999729887,999999999999729889,17*29*31*83*488833*1612697,31,65432179545883,83,788339512601,4,semiprime_distinct,488833*1612697,fourth_strip_semiprime_distinct,True
1000000000000000000,999999999999729167,999999999999729169,7*59*263*269*21961*1558439,263,9206492418451,269,34224878879,4,semiprime_distinct,21961*1558439,fourth_strip_semiprime_distinct,True
1000000000000000000,999999999999726899,999999999999726901,7^2*83*113*10357*210093883,83,245881485124103,113,2175942346231,4,semiprime_distinct,10357*210093883,fourth_strip_semiprime_distinct,True
1000000000000000000,999999999999726017,999999999999726019,7^3*19*109*241*5841289603,7,2915451895042933,19,153444836581207,8,multi_prime_family,109*241*5841289603,fifth_layer_multi_prime,False
1000000000000000000,999999999999723851,999999999999723853,13*19*23*179*181*5433048787,23,176025347650013,179,983381830447,4,semiprime_distinct,181*5433048787,fourth_strip_semiprime_distinct,True
1000000000000000000,999999999999720431,999999999999720433,7^2*19*79*101*42457*3170681,19,1074113856068443,79,13596377924917,8,multi_prime_family,101*42457*3170681,fifth_layer_multi_prime,False
1000000000000000000,999999999999719717,999999999999719719,7*11^2*13^2*170669*40933157,11,1180637544273577,13,90818272636429,8,multi_prime_family,13*170669*40933157,fifth_layer_multi_prime,False
1000000000000000000,999999999999714551,999999999999714553,7^2*53*131*17959*163672081,53,385059684250949,131,2939386902679,4,semiprime_distinct,17959*163672081,fourth_strip_semiprime_distinct,True
1000000000000000000,999999999999712109,999999999999712111,19*43*157*491*569*27905161,157,7796115975019,491,15878036609,4,semiprime_distinct,569*27905161,fourth_strip_semiprime_distinct,True
1000000000000000000,999999999999712037,999999999999712039,17^3*61*179*461*40436117,17,203541624262103,61,3336747938723,8,multi_prime_family,179*461*40436117,fifth_layer_multi_prime,False
1000000000000000000,999999999999707141,999999999999707143,17*293*773*1579*8731*18839,773,259719144911,1579,164483309,4,semiprime_distinct,8731*18839,fourth_strip_semiprime_distinct,True
1000000000000000000,999999999999706319,999999999999706321,7^2*11*691*43159*62210231,11,1855287569572739,691,2684931359729,4,semiprime_distinct,43159*62210231,fourth_strip_semiprime_distinct,True
1000000000000000000,999999999999703217,999999999999703219,11*19*181*19051*19699*70439,181,26434745829911,19051,1387577861,4,semiprime_distinct,19699*70439,fourth_strip_semiprime_distinct,True
1000000000000000000,999999999999699557,999999999999699559,7^2*37*103*811*1699*3886429,37,551571980143243,103,5355067768381,8,multi_prime_family,811*1699*3886429,fifth_layer_multi_prime,False
1000000000000000000,999999999999699011,999999999999699013,7*23^2*31*83*2621*5869*6823,23,270051309748771,31,8711332572541,16,multi_prime_family,83*2621*5869*6823,fifth_layer_multi_prime,False
1000000000000000000,999999999999695399,999999999999695401,7*71*601*1487*1871*1203329,601,3347874267233,1487,2251428559,4,semiprime_distinct,1871*1203329,fourth_strip_semiprime_distinct,True
1000000000000000000,999999999999689489,999999999999689491,11*23^3*41*1543*118106561,23,171850833476489,23,7471775368543,8,multi_prime_family,41*1543*118106561,fifth_layer_multi_prime,False
1000000000000000000,999999999999688169,999999999999688171,11*17*19^2*5023*2949089911,19,281452293836107,19,14813278622953,4,semiprime_distinct,5023*2949089911,fourth_strip_semiprime_distinct,True
1000000000000000000,999999999999684857,999999999999684859,7^4*1061*392547717119,7,2915451895042813,7,416493127863259,4,semiprime_distinct,1061*392547717119,fourth_strip_semiprime_distinct,True
1000000000000000000,999999999999679859,999999999999679861,7^2*13*43*3391*30319*355099,13,1569858712715353,43,36508342156171,8,multi_prime_family,3391*30319*355099,fifth_layer_multi_prime,False
1000000000000000000,999999999999678479,999999999999678481,17*19*73^2*24077*24129559,73,42410619619139,73,580967392043,4,semiprime_distinct,24077*24129559,fourth_strip_semiprime_distinct,True
1000000000000000000,999999999999677081,999999999999677083,11*71*89*499*523*55126031,89,14386626192287,499,28830914213,4,semiprime_distinct,523*55126031,fourth_strip_semiprime_distinct,True
1000000000000000000,999999999999673979,999999999999673981,7^2*11^2*79*647*3299796653,11,1855287569572679,11,168662506324789,8,multi_prime_family,79*647*3299796653,fifth_layer_multi_prime,False
1000000000000000000,999999999999668897,999999999999668899,7*11^3*365641*293541167,11,1180637544273517,11,107330685843047,4,semiprime_distinct,365641*293541167,fourth_strip_semiprime_distinct,True
1000000000000000000,999999999999668099,999999999999668101,7^2*23*139*499*1279*10002077,23,887311446317363,139,6383535585017,8,multi_prime_family,499*1279*10002077,fifth_layer_multi_prime,False
1000000000000000000,999999999999662219,999999999999662221,7^3*2659*291443*3762131,7,2915451895042747,2659,1096446745033,4,semiprime_distinct,291443*3762131,fourth_strip_semiprime_distinct,True
1000000000000000000,999999999999661061,999999999999661063,13*23*89*271*307*5471*82559,89,37578445003933,271,138665848723,8,multi_prime_family,307*5471*82559,fifth_layer_multi_prime,False
1000000000000000000,999999999999659459,999999999999659461,11^2*89*619*4651*32254301,89,92859132695669,619,150014753951,4,semiprime_distinct,4651*32254301,fourth_strip_semiprime_distinct,True
1000000000000000000,999999999999653651,999999999999653653,7*11^2*13*71*1993*641811641,11,1180637544273499,13,90818272636423,8,multi_prime_family,71*1993*641811641,fifth_layer_multi_prime,False
1000000000000000000,999999999999652979,999999999999652981,7*17*29*1163*3347*74442271,29,289771080846031,1163,249158281037,4,semiprime_distinct,3347*74442271,fourth_strip_semiprime_distinct,True
1000000000000000000,999999999999647177,999999999999647179,13*41*89*2689*14437*543019,89,21080591099767,2689,7839565303,4,semiprime_distinct,14437*543019,fourth_strip_semiprime_distinct,True
1000000000000000000,999999999999646787,999999999999646789,11*13*19*5237*93901*748441,19,368052999631817,5237,70279358341,4,semiprime_distinct,93901*748441,fourth_strip_semiprime_distinct,True
1000000000000000000,999999999999646739,999999999999646741,107*163*193*257*12893*89657,193,297078559157,257,1155947701,4,semiprime_distinct,12893*89657,fourth_strip_semiprime_distinct,True
1000000000000000000,999999999999642731,999999999999642733,7*13*239*281*809*1063*190271,239,45979125477017,281,163626781057,8,multi_prime_family,809*1063*190271,fifth_layer_multi_prime,False
1000000000000000000,999999999999641639,999999999999641641,7^4*11*13^2*761*2917*100927,7,2915451895042687,7,416493127863241,48,multi_prime_family,11*13^2*761*2917*100927,fifth_layer_multi_prime,False
1000000000000000000,999999999999640517,999999999999640519,11*19^2*157*1153*4547*305947,19,251825736590189,157,1603985583377,8,multi_prime_family,1153*4547*305947,fifth_layer_multi_prime,False
1000000000000000000,999999999999634709,999999999999634711,7*11*29*43*179*37189*1564499,29,447828034034767,43,10414605442669,8,multi_prime_family,179*37189*1564499,fifth_layer_multi_prime,False
1000000000000000000,999999999999634289,999999999999634291,7^2*23*37*250543*95717663,23,887311446317333,37,23981390441009,4,semiprime_distinct,250543*95717663,fourth_strip_semiprime_distinct,True
1000000000000000000,999999999999632231,999999999999632233,7^2*631*3917*17389*474839,631,32342572528207,3917,8256975371,4,semiprime_distinct,17389*474839,fourth_strip_semiprime_distinct,True
1000000000000000000,999999999999628241,999999999999628243,7*11^2*1481*641549*1242601,11,1180637544273469,1481,797189428949,4,semiprime_distinct,641549*1242601,fourth_strip_semiprime_distinct,True
1000000000000000000,999999999999627251,999999999999627253,11*23*41*103*720971*1298197,41,96404126096561,103,935962389287,4,semiprime_distinct,720971*1298197,fourth_strip_semiprime_distinct,True
1000000000000000000,999999999999623411,999999999999623413,7^2*37*38447*56569*253607,37,551571980143201,38447,14346294383,4,semiprime_distinct,56569*253607,fourth_strip_semiprime_distinct,True
1000000000000000000,999999999999614381,999999999999614383,7*11*31*53*101*773*1279*79159,31,418935902806709,53,7904450996353,16,multi_prime_family,101*773*1279*79159,fifth_layer_multi_prime,False
1000000000000000000,999999999999613037,999999999999613039,7*23*43*103*2467*18919*30047,43,144446049400493,103,1402388829131,8,multi_prime_family,2467*18919*30047,fifth_layer_multi_prime,False
1000000000000000000,999999999999607619,999999999999607621,7*43*79*163*331*3253*239611,79,42053913116599,163,257999466973,8,multi_prime_family,331*3253*239611,fifth_layer_multi_prime,False
1000000000000000000,999999999999602897,999999999999602899,11*17*19*41*83*4057*20386273,19,281452293836083,41,6864690093563,8,multi_prime_family,83*4057*20386273,fifth_layer_multi_prime,False
1000000000000000000,999999999999602411,999999999999602413,7*23*109*1741*3163*10347839,109,56983303891937,1741,32730214757,4,semiprime_distinct,3163*10347839,fourth_strip_semiprime_distinct,True
1000000000000000000,999999999999599909,999999999999599911,13*29^2*83*42967*25647647,29,91466203237867,83,1102002448649,4,semiprime_distinct,42967*25647647,fourth_strip_semiprime_distinct,True
1000000000000000000,999999999999592079,999999999999592081,7*29*643*10859*16519*42709,643,7661132775089,10859,705509971,4,semiprime_distinct,16519*42709,fourth_strip_semiprime_distinct,True
1000000000000000000,999999999999590819,999999999999590821,7*11*23*229*32647*75527077,23,564652738565551,229,2465732482819,4,semiprime_distinct,32647*75527077,fourth_strip_semiprime_distinct,True
1000000000000000000,999999999999587507,999999999999587509,13*19*23*151*26687*43681597,23,176025347649989,151,1165730779139,4,semiprime_distinct,26687*43681597,fourth_strip_semiprime_distinct,True
1000000000000000000,999999999999586367,999999999999586369,7^2*19^2*139*3769*107908531,19,1074113856068299,19,56532308214121,8,multi_prime_family,139*3769*107908531,fifth_layer_multi_prime,False
1000000000000000000,999999999999586337,999999999999586339,13*29*37*4751*6247*2415463,37,71689726862111,4751,15089397361,4,semiprime_distinct,6247*2415463,fourth_strip_semiprime_distinct,True
1000000000000000000,999999999999583217,999999999999583219,7*13*41*53*233*21704158901,41,268024658268449,53,5057069023933,4,semiprime_distinct,233*21704158901,fourth_strip_semiprime_distinct,True
1000000000000000000,999999999999583031,999999999999583033,11*29*139*1847*21107*578497,139,22552490922613,1847,12210336179,4,semiprime_distinct,21107*578497,fourth_strip_semiprime_distinct,True
1000000000000000000,999999999999580529,999999999999580531,7*31*43*139*997*773324647,43,107169649555201,139,771004673059,4,semiprime_distinct,997*773324647,fourth_strip_semiprime_distinct,True
1000000000000000000,999999999999580487,999999999999580489,7^2*13*59*83*467657*685493,13,1569858712715197,59,26607774791783,8,multi_prime_family,83*467657*685493,fifth_layer_multi_prime,False
1000000000000000000,999999999999579599,999999999999579601,11^2*31*547*2447*6959*28621,31,266595574513351,547,487377649933,8,multi_prime_family,2447*6959*28621,fifth_layer_multi_prime,False
1000000000000000000,999999999999573431,999999999999573433,7^2*23*233*859*4433298757,23,887311446317279,233,3808203632263,4,semiprime_distinct,859*4433298757,fourth_strip_semiprime_distinct,True
1000000000000000000,999999999999572591,999999999999572593,7*29*61*67*604441*1994093,61,80755874989871,67,1205311567013,4,semiprime_distinct,604441*1994093,fourth_strip_semiprime_distinct,True
1000000000000000000,999999999999571499,999999999999571501,7*23*43*131*137*6977*1153573,43,144446049400487,131,1102641598477,8,multi_prime_family,137*6977*1153573,fifth_layer_multi_prime,False
1000000000000000000,999999999999569567,999999999999569569,7*11*13*23*829*77351*677357,13,999000999000569,23,43434826043503,8,multi_prime_family,829*77351*677357,fifth_layer_multi_prime,False
1000000000000000000,999999999999567461,999999999999567463,13*229*359*2393*10141*38557,359,935678643041,2393,391006537,4,semiprime_distinct,10141*38557,fourth_strip_semiprime_distinct,True
1000000000000000000,999999999999562547,999999999999562549,13^2*53*557*45131*4441271,53,111644523836057,557,200439001501,4,semiprime_distinct,45131*4441271,fourth_strip_semiprime_distinct,True
1000000000000000000,999999999999560789,999999999999560791,7^2*11*113*421*38998750753,11,1855287569572469,113,16418474067013,4,semiprime_distinct,421*38998750753,fourth_strip_semiprime_distinct,True
1000000000000000000,999999999999559697,999999999999559699,7*31*37*163*269*2840525273,37,124548511645231,163,764101298437,4,semiprime_distinct,269*2840525273,fourth_strip_semiprime_distinct,True
1000000000000000000,999999999999550559,999999999999550561,11^2*71*347*16319*20555747,71,116400884646671,347,335449235293,4,semiprime_distinct,16319*20555747,fourth_strip_semiprime_distinct,True
1000000000000000000,999999999999549827,999999999999549829,7*43^2*53*3833*380321047,43,77261840377003,53,1457770573151,4,semiprime_distinct,3833*380321047,fourth_strip_semiprime_distinct,True
1000000000000000000,999999999999547307,999999999999547309,7*17^2*97*677*7527377807,17,494315373207883,97,5096034775339,4,semiprime_distinct,677*7527377807,fourth_strip_semiprime_distinct,True
1000000000000000000,999999999999540797,999999999999540799,7^4*43*809*54647*219091,7,2915451895042393,7,416493127863199,16,multi_prime_family,43*809*54647*219091,fifth_layer_multi_prime,False
1000000000000000000,999999999999540167,999999999999540169,7*17*31*41*107^2*577483969,31,271076172404321,41,6611613961081,6,two_prime_power_family,107^2*577483969,fourth_strip_prime_power_tail_two_prime_power_family,True
1000000000000000000,999999999999538697,999999999999538699,7*53*211*1381*7331*1261789,211,12774491894579,1381,9250175159,4,semiprime_distinct,7331*1261789,fourth_strip_semiprime_distinct,True
